,number,steam_id,playtime_at_review,voted_up,votes_up,review,story,graphic,character,music,Operability,story_state
0,0,76561198103985135,4910,True,0,KAMI,,,,,,0
1,1,76561198142436603,4054,True,0,"やめどきが見つからないです面白過ぎます
UIがとてもおしゃれ、BGMも素晴らしく聞き飽きない、ストーリーも感情移入しやすく、ゲーム全体のボリュームも恐ろしく大きいです
あと女の子が皆可愛いです",,,,,,1
2,2,76561198300025212,8943,False,1,"竜司が相棒ポジションにいる必要はあったのか？

p2~p4gまでプレイ済。
よかった点
- UIや引継ぎの使用、ペルソナ全書などユーザービリティはp4gと比べても進歩している
- ダンジョン攻略がちゃんとアクションしていて楽しい
- 過去作プレイヤーにわかる程度のクロス要素を入れてくれている。見つけるとクスッとなる

悪かった点
- 竜司
- 個人的にp4gと比べるとメインストーリーが少し単調に感じた。思った通りの黒幕という感じ
- ジョーカーの会話選択肢が共感できない(ものが多い)。ロールプレイをしたいのに自分が思っている感情を一ミリも反映していない選択肢を迫られる。これがかなり没入感を下げた
- ジョゼのスタンプ。周回前提なら道中においてある分だけ押せばよかったのだが、1週目ではわからなかったため苦行のようなスタンプラリーを強いられた

総評
ペルソナシリーズの正統後継といっていい出来と思う。プレイしやすさという点では進化といっていいほど改善されている。逆に、ユーザービリティ意外だと進歩はあまり感じられない。
シリーズ愛好家なら買っていいゲームだと思うが、不快な点もあるため手放しでは勧められない。

やじやじーって何だよ
",,,,,,-1
3,3,76561198433432186,10420,True,2,"请给我点数，我想买个背景但是没有钱，虽然不会让你的牛子变长，但是这个世界上会又多一个人为你祝福着

Please give me some points. I want to buy a background, but I have no money. Although it won't make your cow grow longer, there will be one more person in the world wishing you well.

ポイントをください。背景を買いたいですが、お金がありません。あなたの牛を長くすることはありませんが、世界にはもう一人の人があなたを祝福しています",,,,,,0
4,4,76561198119959596,8674,True,2,"良くも悪くもシナリオが膨大過ぎる
無印の時から既にかなりのボリュームだったけど追加要素で更にエライことに
テンポの問題もあり1日数時間遊んだら今日はもういいやってなりやすかった
3学期をお預けにしたとしても2週目をすぐ始める気には到底なれないので1周目で実績コンプできるようにしたのは英断だと思う
まさか人生は短いからこそ尊いということをゲームから学ばされるとは",,,,,,-1
5,5,76561198089667501,11640,True,1,"ペルソナ５完全版

膨大なテキストやムービー、キャラクターを鑑賞するのに
プレイに攻略情報を見つつ進めていく事もおすすめします
（周回プレイの予定が無い場合は尚更ネタバレプレイ推奨）
極一部、二周目以降限定のイベントを除けば一周目プレイでイベントの網羅は可能です

無印をプレイしていたので、各所の掘り下げもされていて一層楽しめました
",,,,,,0
6,6,76561198087124606,2921,True,0,"文字を入力するとデスクトップに戻ってしまうって人向け情報なんですが、
文字の変換が「Google 日本語入力」になっていると発生するみたいです。defaultに変えると普通に入力できました。
あとはGoogleクラウドも立ち上げとくとたまにあやしい挙動したので、切っておいてもいいかもしれません",,,,,,0
7,7,76561198063953508,8715,True,2,ペルソナ5がでた時にはすでにPCしか持っておらず、その後完全版が出るもPS4も持っておらず、それまでのメガテンやペルソナシリーズはプレイしていて、PC版が出ることを夢見て計7年。内容はもちろん前評判とか今までの作品の質の高さから心配して無かったけどそれ以上に長年待ったゲームをクリアしたという底知れない感慨深さがありました。P5R以外のやりたいゲームは大体PCにあったので何度このゲームの為だけにPS4を買うか迷い続け、ついに本編がsteamで発売。結局社会人になってしまい時間があまり無く、当日買ったにも関わらず三ヶ月以上経ってからのクリアとなりましたがやはりこのシリーズは人生において必要なゲームであり、これからも追い続けます。,,,,,,0
8,8,76561198298964863,3475,True,0,"ペルソナ4をクリアした直後にプレイしたのがよくなかった
完全に飽きて、途中でやめてしまった
さすがに会話パートが多すぎるでしょう
女神転生、ペルソナシリーズなどアトラスさんのゲームは大好きですが
クリアしなかったのは初めてです",,,,,,0
9,9,76561198169878341,11746,True,5,"初ペルソナシリーズです。至るところで評判が良いので買ってみましたが、噂に違わずめちゃくちゃ面白かった！！まさか1周するだけで195時間もかかるとは思ってませんでしたが、そんなにかかっていることが全く気にならないくらい楽しかったです！

ストーリー、バトルシステム、キャラクター、音楽、何をとっても全くマイナス点が思いつかない。

ストーリーは主人公が保護観察処分になるというなかなか衝撃的なところから始まります。最初のボスが胸糞で、しかも高校の教師という身近なものなので、ここで一気に感情移入してのめりこみました。コイツを早く倒したくて仕方なかった。逆に最初のボス以降は、確かに悪い人だけどあんまり関係ないじゃん、というような人がしばらく続くので、ボスは最初が一番印象的でした。2人目以降はちょっとご都合主義的なところも感じなくはない。ただ、各ボスの導入に強引さは感じるものの、進めていくうちに気にならなくなります。あと、後半で保護観察の件もちゃんと関わってくるので、よく練られてるストーリーだと思いました。

バトルシステムはターン制コンバット方式なのですが、1 MOREやバトンタッチなどのシステムを駆使すると、ずっと俺のターン！が文字通り実現できるので、プレイヤーの待ち時間がほぼなく、強さもメンバーのスキルも絶妙のバランスで作られてるなと感じます。このバトルシステムを一度味わってしまうと、もうよくあるターン制に戻れなくなってしまう気がする、、、そのくらい衝撃でした。
困ったのは、戦闘が楽しすぎてやりすぎて、レベル上げ過ぎてその後のボス戦をヌルゲーにしてしまった箇所があったことくらい。とにかく戦闘は全く飽きませんでした。

個人的に困ったのは、初ペルソナだったので、技の名前が覚えられず、どれに何の効果があるのか、いちいち攻略サイトを調べながらやってました。技名難しい。。。
ただ、ペルソナの仕組みがだんだんわかってきてからは、ペルソナを作るのも楽しく、合成やスキルカードを駆使して、いかに自分の使いやすいペルソナを作るか、そこも楽しんでいました。

キャラクターについては、これだけ人数がいるのに全員のキャラ付けと使い道がしっかりしているのが良かったです。キャラクターによってできることに特徴があるので、バトルでは敵によってパーティメンバーを変える戦略的な楽しさもありました。
一番好きなキャラクターは黒明智。絵に描いたようなヤンデレで好きすぎる。エンディングの最後の最後が本当に気になってます。ちなみに、ペルソナは完全に性能重視なのでどれが好きとかはないのですが、ラウールの高笑いが聞きたくて、無駄にファントムショーは連発してました。便利だし。

BGMも素晴らしいです。Life will changeなんか聞くだけでアガる。P5Rの曲はどれもイントロから掴んでくるのがズルい。あとはLayer cakeが好きで、無意味にミリタリーショップに居座って塩対応されてました。

改めて書いても、不満らしい不満がないのですが、敢えて個人的な好みでいうと、絵柄があまり好みではないのと、画面が強すぎた、というのはあります。このゲーム、メニュー画面や戦闘中のボタンなどのUIが非常にオシャレなのですが、私の好みからすると、赤を基調とした画面はちょっと強すぎ、最初見たとき抵抗を覚えました。ま、200時間近くやってるとそれも気にならなくなるのと、やっぱり全体的にオシャレだとは毎回思うので、不満なのかと言われると微妙なところですが。

もしまだプレイしていない人がいる場合は、間違いなくおススメします。
P4GやP3Pも評価高いようなので、そのうち購入するつもりです。今はP5Rの途中で購入した続編P5Sをやるつもり。

楽しかったーーー！！

-------------------------------------------
2/2追記です。この日付が重要！

実際にゲームをやっているときも、この日は心えぐられるものがありましたが、時間が経つにつれてこの日の出来事だけが鮮明に思い返されてしまって、、、

ゲーム自体もとても楽しかったのですが、こんなにも後をひき、余韻のあるストーリーに出会えて幸せでした。
まだしばらく鬱々としてそうなので、他のゲームに手を出す気になるまで、余韻を楽しんでいようと思います。",,,,,,1
10,10,76561198046072647,3743,False,0,"〇どうなのってそんな言わない…どうなの！ トロコン済
ペルソナ3から続く学園だんじょんもの
今回は反逆のジュヴナイルであり
すたいりっしゅと名高いP5の追加要素版
個別だったDLC全部盛りのためある種救済つきです
(主にDLCペルソナが高Lv＆壊れのため

〇良い点
個性ある悪魔合体の種類による戦力増強
ワンモアに対する一つの答え バトンタッチ
コミュランク毎の特典が大幅に増えました
上記の中で特に 瞬殺 技能によるサクサクLvあげ

〇悪い点
物語の根幹が冤罪や反逆といった負の意識で基本くらい
白と黒、と赤を基調としているため見づらく演出優先おおめ
怪盗のおしゃれさ故に2学期辺りのキャラ意識とPLが乖離しがち
蛇足としつこさの3学期…後付けR分、なくてもいいのがまた
ボス全般 硬い＆ギミックボスで……だるいのだ(特に社畜のとこ

全体見ればP3,4と順当進化、新規要素もおおむね良好
ただ、5できっちり終えた話へR要素をかませている為
追加キャラは周回しても加入時期かわりませんし
ラスボスの理由付けも他と比べ規模ちいさすぎてうーん
総じて 何度も周回したくなる程でなくお勧めしづらい へ

あと槍玉にあげられがちな竜司くん、正直「製作者側から」
弄られ、押し付けられキャラ、にされててかわいそうなー",,,,,,-1
11,11,76561198053388176,26826,True,2,"実績をコンプ、4週以上はしています。

欠点らしい欠点がないあまりに良くできたRPGです。不満点といえば、ボリュームにくらべセーブスロットが足りないとか、周回するときに一瞬でイベントをすっとばさせてほしいとか、ゲームの根幹ではない使い勝手的な部分ぐらいのもので、ストーリーも戦闘もシステムも、すべてがハイレベルです。

ペルソナはシリーズのすべてをプレイしていますし、さらにメガテンファンでもありますが、毎作新規のアイデアによる進化と過去の作品から要素をとりいれつつ変わっていくアトラスのRPGには毎作感心させられます。

時代にあわせて進化しているので昔の作品にはあったキャラやストーリーの生々しい感じが減っている分、より一般的にウケるようになっているのが寂しいといえば寂しいかもしれません。",,,,,,-1
12,12,76561198263624848,5513,True,0,"面白いけど評価ほどじゃないゼノブレイド2みたいなゲーム
初対面だろうとお世話になっている相手だろうと話すときに意地でもポケットから手を出さない育ちの悪い子が主人公",,,,,,0
13,13,76561199409783655,8974,True,0,"メガテンシリーズは基本全作プレイしています。
PSは持っていなかったので、ペルソナ5ができなかったのですが、
やっとPC版がでたのでやっとプレイ。1か月かけてやっとクリアしました感想としては非常に面白かったです。
よく話ができてるなと感心するくらいの完成度でした。

何もしらずにプレイしたのですが、購入特典は難易度を下げるから不要でした。
ロイヤルではない版は3学期が無い？らしいんですが、もしそうだったら不評だったかもです。
後日談もきになるので、続きも購入してみようかと。
",,,,,,0
14,14,76561198267024725,5693,True,0,"勇気をくれてありがとうATLUS
最高の作品でした",,,,,,0
15,15,76561198081841107,5662,True,0,"終盤の展開は割りとよかった
トロコンが簡単にできるのも良いところですね",,,,,,0
16,16,76561199031320085,9086,True,0,"相変わらずのギャルゲーだが、なんか4よりも女性陣に魅力を感じない（年上ばっかりだし）ので、気持ち悪さは減っているのだが、登場人物に目新しさが全くない。（帰国子女、ヤンキー、高校生探偵、金持ち、謎の人外etc...）
やってることはあまり変わっていないのだが、システム、ストーリーともに洗練され、今までで一番やりやすいし面白い。
ただ、とにかく話が長く台詞も多い。
ボス戦の最中に会話が始まり10分くらい見てるだけとかザラだったりする。
そのせいで何をするにもメチャクチャ時間がかかる。
1周しただけなのに150時間はやばいだろ。
あと、4の時も思ったのだが、アニメーションムービーになると途端に音が小さくなるのはなんなの？",,,,,,1
17,17,76561198118891431,5170,True,0,ようこそ。ベルベットルームへ,,,,,,0
18,18,76561198234424144,15194,True,0,"ペルソナ５初プレイです。
1周目 1月1日 電話がかかってくるところでP5Rが落ちてしまい先に進めない状態です。
ゲームの不具合だと思うのですが、どこに報告すればよいのかもわからず。
わかる人いたら教えていただけると助かります。

整合性チェックをしたところ、アップデートされて無事にクラッシュしなくなりました。

ゲームはだれにでもお勧めできるレベルで面白いです。
",,,,,,0
19,19,76561198352941152,168,False,1,"初回起動時からシステムデータの読み込みに失敗しましたの表示で開始出来ず。
再インストール、整合性チェック、Steamクライアントの再インストールいずれも効果無く、
サポートからも解決策の提示はAVX関連以外一切無い状態の為返品しました。
PS4でやって以来で久しぶりに遊びたかったけれでどうしようも無し。
同じ事が起きる人が出る可能性が有る為、購入はおすすめできません。
使用環境Cote-i5 10400F　RTX3060/12GB　メモリ32GB
AVX2対応機",,,,,,0
20,20,76561199408118701,10021,True,0,"おもろいよ！
一回離れたら腰おもいけど！",,,,,,0
21,21,76561198362134406,6639,True,0,"このゲーム、凄いの一言だわ
",,,,,,0
22,22,76561198371177052,6477,True,15,"ペルソナは４だけプレイずみ。

４との比較になりますが
４のキャラクターが都会から来たイケメン２人、隠れファンがいるカンフー娘、学校のアイドルの旅館の看板娘、暴走族を一人で潰す不良、おばさんキラーの美少年、甘いマスクの高校生探偵、休暇をもらった現役アイドルと基本的に学校にいたら一目置かれ、周囲からちやほやされていたリア充軍団でしたが、

５でプレイヤーが扱うのが傷害容疑で前歴持ちのテンパ、教師を暴行した腫物の問題児、教師とデキてると噂のハーフ、変態の画家のタマゴ、学校の言いなりの生徒会長、ド級の引きこもり、周囲から妬みの的になってる特待生、
黒いチョッパー、感情の起伏が激しい探偵ごっこしてるキラ・ヤマトと基本的には周囲から嫌われおおよそ幸せとは遠く離れた学校生活を送っている面子ばかり。

４ではああ学生生活楽しいんじゃ～って感じでプレイしていましたが、５は割と世の中世知辛いなと思いながらプレイしていました。

４では主に学校のイベントや友達との旅行や遊びなどに力が入れられていましたが、
５はそれよりも本筋のストーリーにかなりイベントを割いており、４とほぼ同じゲームシステムにも関わらずクリア後は全然ちがった感想を持ちました。

ストーリーは力が入ってるなととても感じる出来で、クリアまでいっきにプレイできました。敵はいつも味方のような顔してる、それをとても感じるゲーム。

あとエンディングで流れる歌が最強でした。（ボキャ貧）",,,,,,1
23,23,76561199465680440,7339,True,0,"PS版にて無印クリア済み
無印部分の1-2学期には細かい所で調整が入ったりしています
モルガナの「もう寝ようぜ」がかなり少なくなってます
バトル部分の調整で無印版よりも遊びやすくなってます
未プレイの方には是非ともオススメしたい作品です

無印クリア済みの人からすると
バトルやらに修正点があとは言うものの1-2学期部分は膨大な時間もかかるのが辛いかもしれません
肝心の3学期にしても日常パートはあるキャラのcoopと仲間のパワーアップイベントぐらいです
夜行動に至っては特筆すべき所はない有様
仲間のパワーアップもみんな同じ流れでパートボイスと残念な感じです
シナリオとしては新規の仲間が揃うまでは良かったのですが最後はあまり盛り上がった感がしませんでした
最後の戦闘にしてもこれやりたかっただけだろと冷めた目で見てました

正直別になくても良かった3学期部分ですが遊びやすくなった1-2学期部分は本当に面白いので買ってみても損はないと思います",,,,,,-1
24,24,76561198025404747,12,False,1,"起動しても落ちます。
他にも同じ症状の方がいるようです。
買ったことを後悔しています。
ペルソナ４Gはめちゃくちゃおもしろかったので期待していたのに。
発売から何か月待ってもパッチこないし、最悪です。",,,,,,0
25,25,76561197979636722,20,False,1,"画面サイズを変更するとクラッシュ。
名前を入力するとクラッシュ。
ウィンドウを切り替えるとクラッシュ。

なんだこのゴミ。",,,,,,0
26,26,76561198974055377,15213,True,0,200時間以上かけて、ほぼ実績解除してクリアして、今2週目やってますが全然飽きません。逆に怖いです。,,,,,,0
27,27,76561199058406819,5874,True,1,1周目クリア記念カキコ,,,,,,0
28,28,76561199445714917,1440,True,0,引き込まれるストーリー。過去作のペルソナシリーズに続き相変わらず素晴らしいと思います。,,,,,,0
29,29,76561199246496581,273,True,1,"定価で買った次の日に30％off。
これでも動じないくらいには最高のゲームなのでおすすめです。











（実はちょっと後悔してたり、、、、）
",,,,,,0
30,30,76561198302687190,9535,True,5,"１周１６０時間。
心に残る一作になりました。
",,,,,,0
31,31,76561199200034694,7719,False,4,古い、長い、退屈。,,,,,,0
32,32,76561197990640321,7144,True,8,"GemaPassでプレイしたいゲームが無かったのでいったん解約していましたが、
ほんの少しだけペルソナに興味があったので期待せずにプレイ。

正直学生時代なんて遠い昔だし、現実っぽくないからGamePassでどの程度のゲームか知りたいだけだからと思いながらプレイ
学生時代、自分は都内に通っていたからちょっと既視感あり……特に通り過ぎるだけど駅のシーンで感動、本当に迷いそうになる雰囲気と人混みに懐かしさを感じました。

Gamepassで序盤をプレイ、最初から重い雰囲気だけど、初仲間である竜司がいい奴で友達っぽいし、モナもウケけるキャラで世界観にどんどんハマって行きました。
その後、これはGamepassじゃなくて、STEAMで購入してP5Rをプレイしてその続編もコレクトしなくてはと思い、STEAMで購入した次第です。

クリアしました（ちょっとネタバレ含みます）
最後のボス（Rで追加された方）が面倒で難易度を下げたけど、あとは面白かったです。最後の方はぐいぐい引っ張られてお前らヒーローだよとヒーロー不在の時代のヒーローだと思いましたね。
ただエンディングが個別に欲しかったですね。別にアニメじゃなくてもいいし、暗転して黒画面でもいいので、バレンタインを一緒に過ごした恋人が最後に出てきて「いかないでとか会いたいよとか」後ろ髪をひかれる演出が個人的には欲しかったです。
僕は芹澤と過ごしたのですが……何あのあっけなさは！
今までの高鳴る思いが急降下ですよ……なのでエンディングを恋人ごとに欲しかったですね。",,,,,,1
33,33,76561198057536201,11582,True,5,"このゲーム、凄いの一言だわ

完成度が圧倒的

ただし時間が消し飛ぶ点はマジで注意ｗ
あと戦闘を楽しみたい人はDLCペルソナが強すぎなので使用しないことを推奨",,,,,,0
34,34,76561198141634906,4671,True,0,"ゲームは非常に面白いんですが、後半にちょっと初見殺しがあって、嫌な人は[spoiler]宇宙ステージのボス[/spoiler]の対策を調べたりしたほうがいいです。攻略サイト等で見てもそこで躓く人が多いようです。

自分は物語に没入してたとこでやり直しが発生して、そこでかなり萎えてしまった……。
それを差し置いても良いゲームには違いないですが、そこだけ注意。",,,,,,0
35,35,76561199012999976,2222,True,0,"まだ途中ですがセール来る前にレビュー

やはり前作が偉大すぎたのか越えられない感が既にあります。

嫌なキャラがいっぱいでてくるので、トラウマある人は途中でゲームをやめると思います。
キャラのノリ独特で入っていけない感じがあります。
あと、都会に対しての偏見が凄いです。東京生まれ東京育ちの自分からするとちょっと腹の立つ部分があります。

マイナスなことばかり書きましたが、プレイしていると気が付いたら時間は溶けているので詰まらなくはないと思います。",,,,,,0
36,36,76561198207616325,7047,False,4,"P4Gのほうが圧倒的に面白い。
P4Gよりいいのは見た目だけ。

良い点
圧倒的ボリュームのストーリー
魅力的なキャラクターデザイン
UIとプレイ演出のデザイン。格好いい。
パレスダンジョンの個性的なデザイン
声優さんの演技力

悪い点
ストーリー上に矛盾するところが多くてイライラする
メインストーリーでほとんどの仲間が空気
ゲーム全体的に無駄な動作が多くて微妙に不便
ダンジョンが無駄に長くて疲れる

ストーリーが矛盾してて、突っ込みどころ満載
こんなにストーリーがひどいゲームは久しぶり。
メインストーリーは序盤はいいけどどんどん悪くなる。
仲間の反応も全体的な流れも設定もすべてがおかしい。",,,,,,-1
37,37,76561199258765961,5707,True,0,数年前にPS4版を20周クリアしましたが、再度プレイしたくなり購入しました。ペルソナの収集、強化、完成度が高く何度見ても飽きないストーリー、キャラクター達との友情を育む為の魅力的なイベント、豊富でテンションの上がるBGM。どれを取っても素晴らしく、一度ゲームをクリアしてもまた「あのキャラクターに会いたい」と思わせてくれる最高のゲームです,,,,,,0
38,38,76561198104559083,665,False,3,"Steam　Deckでプレイ。
5月17日の放課後の画面で必ず先に進まなくなることを確認。

Steam　Deckで動作確認済みとの認証がありますが、
嘘なのでご注意を。

Play on Steam Deck.
On the after-school screen on May 17, I confirmed that I would not be able to move forward.

There is an authentication that it has been confirmed to work on Steam Deck,
This is a lie, so be careful.
",,,,,,0
39,39,76561198087965211,6747,True,0,"学園ものをやるような歳ではないということで避けて過去作もやってはいなかったが
評価が高いということで購入。年甲斐にもなく見事にハマりました。RPGよりアドベンチャー要素の方が高い気もしますが、ストーリー、演出、音楽、キャラクター、ボリュームどれも高水準。戦闘は昔ながらですが、瞬殺により戦闘の短縮や演出のおかけで飽きませんでした。初代のは難しくてクリアできなかった覚えがありますが（セーブ箇所少なすぎた記憶が）、これは程よい難易度でした。一番難しい難易度でDLC悪魔使わなくても多少は苦戦することもありましたが、無事クリアすることができました。イゴール等見覚えあり、悪魔なども昔のデザインをそのまま引き継いでるものが多く懐かしかったです。ちょっと無理がある設定のキャラクターや場面などもありましたが、本当これは万人向けの神ゲーですね。本当心に残る典型的なゲーム。すっかり怪盗団にはまってしまってストライカーの方も買っちゃいましたよ",,,,,,0
40,40,76561197994550563,3228,True,0,"面白過ぎて止められない。久しぶりに大はまり。
キャラも個性があるし、ゲーム内の1日のテンポも良い
初ペルソナだけどすんなり入れる。
何時でもいくらでもプレイ出来る。まさに時間泥棒",,,,,,0
41,41,76561198959831852,12544,True,0,"新しい要素がほぼオリジナルと同じぐらいあって、ゲーム全体のボリュームが2倍になってる
クリアまで10日以上かかった。が、とても良い内容でした。",,,,,,0
42,42,76561198841468588,54,False,0,"フルスクリーン表示で主人公の名前入力時にキーボードをたたくとウインドウが閉じて入力できなくなる。
開始5分で全員通るようなバグとっとけよ。
ウィンドウ表示にしてると普通に入力できるので、同じ症状がでた方はそのように対策を。

姓：あ　名：あ　というストロングスタイルならフルスクリーン表示でもいけます…。",,,,,,0
43,43,76561198053714183,18111,True,1,"[h1]ご立派なゲーム [/h1]

直近に出た某ソウルハッカーズ2で俺のご立派様がふにゃふにゃになり、改めてP5Rでギンギンにしてくれました。ああやっぱ傑作だな、同じメーカーとはとても思えないと（笑）
特にPC版ロイヤルは変態レオタードを4Kで堪能でき、俺のご立派様のテンションは爆上がりハイテンションでマララギダインがｆｊぽいさｄｊふぃぽ９あえｒ

ふぅ・・・すまんちょっと興奮しすぎた。

P5の最大の特徴はバトンタッチ、テクニカル、銃撃システムといった様々なバトルに関するスムーズさ、奥深さ、そして爽快感でしょう。それに加えカバーリングや瞬殺、ネコバスひき殺し（笑）といった移動手段や稼ぎも快適であり、RPGの最も地味な部分をスタイリッシュに昇華したその腕前は最高峰とも言える出来栄えです。

更にはこれでもかという程のボリュームがある重厚なストーリー、様々な救済手段が整っと合体と育成、見事なバランス調整、長くてもダレないテンポ、奥深いやり込みと全てがハイレベルで融合してるまさにアトラス史上最高傑作とも言える作品です。

間違いなく言える事は、何年経っても色あせないベストゲームの一つであるという事でしょう。俺のご立派様も大変ご満悦です。

願わくば、なんとかハッカーズ2なんてふにゃ〇んを作ってる暇があるならP6を作ってくれと。。。いやなんでもない。

兎に角すべてがえげつない程ハイレベルにまとまった一作です。最後に、日本の創生神様は使わない方が良いです（笑）このゲームはDLCが問答無用で入っている為、一部のDLCペルソナがえげつない性能になっております。その代表格が幾万の真言で幾万の敵をボス含めて一撃でぶっ飛ばすあのお方です。如何せん元々DLC特典なのでそのやばいお方が0円で呼び出せてしまい、ゲームバランスも何もあったもんじゃねぇ状態になります。

みんな大好き「イザナギノオオカミ・ピカロ！！」は（ゲームが）死亡フラグです。

流石アトラス！他のメーカーにできない事を平然とやってのけるッ！そこにシビれる！あこがれるゥ！！",,,,,,1
44,44,76561199403925173,9227,True,3,"【誰に対しても自信をもってお勧め出来るゲームです】
【少しでも気になったなら買って間違いなし】
【過去作は未プレイでも問題なし】

≪ようこそ、ペルソナの世界へ≫",,,,,,0
45,45,76561198049790685,19328,True,11,"ペルソナシリーズ初プレイです。
RPGはあまりプレイしないのですが評価が良かった為ウィンターセールで購入。

このゲームはすごいの一言ですね。　シナリオ、音楽、ゲーム要素全てがとても良い。
イベントシーンはふんだんにアニメが盛り込まれており、ゲーム内容はSLG要素が入っていて飽きさせない。
RPGでシナリオが良いと思ったことほとんどないですけど、このゲームは終盤とくにドキドキさせられました。
あまりに面白かったのでペルソナ４ゴールデンも購入検討中。　つまりそれだけ面白かったという事。",,,,,,0
46,46,76561198164482829,4179,True,2,"PS3で無印やってからSteamに来るのを待っていて、満を持してＲをプレイしました。
やっぱ神ゲーです。ほかの方がさんざん書いているので自分からいうことはありません。

[h1]初めてプレイする人、ストーリー重視の人に向けた注意喚起[/h1]
1周するのに１００時間ぐらいかかります。
エンディングはバット、ノーマル、トゥルーだけでなく、ノーマルの中でもいくつかのルート分岐があります。
しかもトゥルーエンドのルートでないとロイヤルの旨味である３学期に進めません。
ストーリーがメインの方は前述の理由から何度もやり直すのがキツイと思いますので、明智、丸喜、芳澤の３名のコープだけは、最初から攻略wikiなどを参考にして進めたほうがよいです。",,,,,,1
47,47,76561198881930591,5,True,5,"起動直後のクラッシュについて

「SYSTEM DATA システムデータを作成しています。このアイコンが表示されている時は電源を切らないでください。」というメッセージのあとクラッシュする症状が相次いでいるようです。

上記の症状は、どうやらCPUがAVX、AVX2に対応していないため発生していることが分かりました。
同症状の方は、一度 「CPU AVX」と検索して自身のCPUがAVXに対応しているかどうか確かめてみてください。

現状、これらは最低動作環境を満たしていない ということになりますので、プレイは不可能です。


P5無印を過去CS機でクリア済みですので、おすすめ にしておきます。",,,,,,0
48,48,76561199273854138,1231,True,0,ペルソナシリーズは今作が初で、セールで安くなっていたので購入しました。事前知識なんもなかった自分でもかなりハマっています。迷ったら買ってもいいと思います。,,,,,,0
49,49,76561198078694752,1369,True,0,"怪盗団はプレイヤー達の大事なものを盗みました。
それはあなたの心と時間ですｗ",,,,,,0
50,50,76561198091754944,3476,True,0,お前も叫べ！汝は我、我は汝！ペルソナぁ！！！！！！！！！！！！！,,,,,,0
51,51,76561198259071138,6976,True,0,"キャラストーリーはP4Gのほうが好きだけど流石にP5Rのほうが戦闘システム含めて全体的により洗練されている。
しかし一周するのに大変時間がかかるのでお気をつけて！",,,,,,1
52,52,76561198354730634,8088,True,6,"97％が好評を付けている。
これが何を意味するのか？

「脳死で買っていい」ってことだよ！",,,,,,0
53,53,76561199442822536,5998,True,1,100 % Phantom Thieves!,,,,,,0
54,54,76561199267712397,3287,True,0,"神ゲー
とても作りこまれていて久しぶりに熱中してやってしまった。RPGの中でもその完成度は最高峰だろう。ぜひおすすめしたい一作品である。",,,,,,0
55,55,76561198067283568,8799,True,10,"[h1][b]Let's Hang Out With Buddies 'n Steal in The Heart From The Villain.
Take Your Time![/b][/h1]

めんどい人のために三行
[olist]
[*][b]大人っぽいペルソナやけど、いつものよかごたーやつたいね！[/b]
[*][b]はよせんね！[/b]
[*][b]そげんこげんいうばってん10股は双葉ば泣かすけんいかんばい！[/b]
[/olist]
です！

JRPGを離れて久しいですが、ここまで熱中できるものがあるとは思いませんでした。
シナリオ良し、ゲーム性良し、BGM良しの文句の付け所がない優等生ゲームです。
ただ、その上でやはりどうしてもここが……というところは、ゲームをやればやるほど少しだけ見え隠れはしてきてしまいますね。

結びを有り体に言ってしまえばJRPGの名作であると私は考えます。
それぞれ大まかにレビューさせていただく所存です。

[h1][b]Positive Point[/b][/h1]

[h1]シナリオ[/h1]
[olist]
[*][h1]一言で言うなればピカレスクロマン[/h1]
　学園ジュブナイルを謳っているように、主人公はまだ十代も半ばの少年。
　社会の理不尽に打ちのめされたピカロとして、""前持ち""という烙印とともに舞台に舞い降ります。それのお陰で、行く先々で針のむしろです。そして場面はいきなり退学を迫られるという展開が早速やってきます。
　そんな中不思議な力のお陰で悪者を改心させる方法を得てしまいます。
　道中で様々な仲間ができ、ついには怪盗団として悪い大人の歪んだ心を盗み改心させるーー。そうやって次々と悪い大人たちを改心させていきます。
　しかしその得てしまった力の大きさを持て余し、最初こそこっそりと行っていた改心ですが、若さゆえか大衆の期待に応えようと大胆な行動が増えていきます。
　時を同じくし、怪盗団を是としない黒幕の存在が徐々に明らかになっていきます。仕掛けられた謀に段々とヴェールを剥がされてしまい……。

[*][h1]確かな物語構成[/h1]
　とても王道で、起承転結がしっかりしており、現代の閉塞的な雰囲気をいい意味でぶち壊してくれる、そんな物語だと思います。
　P1は難しすぎて無理、P2は防御バグを利用してなんとか……。P3に至ってはプレイしていないという。P1、P2はシナリオをほぼ覚えていないため、実質P4から新規勢ではありますが、P1やP2のような陰鬱な雰囲気も若干感じることができてどことなく懐かしい気分になります。
　イメージカラーでの連想もあるのかもしれませんが、P4がフレッシュなレモンのような爽やかさだとしたら、こちらはブラックベリーやラズベリーのようなちょっと大人な雰囲気だと思います。

[*][h1]前作までと比べたら？[/h1]
（いないとは思いますが）P1,P2のような陰鬱さを求められてるなら肩透かしを食らうかもしれません。
　P3は概要だけ知ってはいますが、語られているような悲壮感は今作にはありません。
　P4の雰囲気が好きだという方には、若干の抵抗があるかもしれません。
　とはいえ、是非一度プレイなさってみてください。また違ったペルソナを見れることでしょう。
[/olist]

　概要は上記のような感じになります。

　また、少しだけ物語のさわりの部分を稚拙の感想ですが下記に記しておきました。ネタバレ気味なので注意です。

[spoiler]彼の哲学者の有名な言葉に「我思う故に我あり」とあります。
　まさにその部分がこの物語の核となってきます。
　ゲーム内での認知の世界と、現実の世界。鏡合わせの2つですが、その隔たりは概して自分が事物をどう見るかということでしかありません。オタカラは自分が世界をそう見るようになってしまった、きっかけないしは禍根です。
　それを取り除くことで、改心ーー良く言えば世界が拓ける、悪く言えば個を形成するIdentityを無くしてしまうーーさせる。
　同様にこの世界も認知している私達一人ひとりが形成している。
　その世界の隔たりを望む、望まずとも自分の預かり知らぬところで強制的に他者が介入し、曲解して都合のいいように扱ってしまったのが今回のP5Rの追加シナリオの部分です。
　怪盗団と何が違うのか、アンチテーゼのようなシナリオですね。
　散々謳われるようにそこに正解はありません。個個の中で咀嚼し反芻し、昇華したものこそがその答えになるかと。
[/spoiler]

[hr][/hr]

[h1]ゲーム性[/h1]
[olist]

[*][h1]JRPGを忌避していた私がなんでこんなにハマったのか。[/h1]
　完成度の高さもありますが、それ以上に何よりテンポの良さが随一の要因です。
　JRPGのコマンドゲーのわずらわしさがとても合わなかったのです。いちいちコマンドを選択して、対象を選んで、演出が入って攻撃して➖➖というような。アクションやFPS/TPSだったらさっとぶん殴りに行けるのに、なんて面倒くさいと思っておりました。
　今作もコマンドゲーではあれど、P4よりさらに洗練したシステム、テンポも更に加速といういいことづくめ。

[*][h1]爽快感あふれるバトンタッチ[/h1]
　目玉となる新要素のバトンタッチ、Technicalがまたいいエッセンスとなります。
　P4まではWeakを取ったとしても、仲間へ順番を回せず1キャラクターで完結していた行動。全員ダウンさせたら総攻撃のみ……。仲間と戦っていても結局番長が無双していたイメージが拭えませんでした。
　しかし今作のペルソナは一味違います。仲間がとても頼もしく思えてくるのです。
　肝要のバトンタッチですが、これを行うとどんどん攻撃に倍率が掛かっていきます。
　最終的には2.5倍になるので、基本的に仲間とバトンタッチを繰り返し最大ダメージを叩き出すことが基本になってきます。
　小さなことですがこのバトンタッチ中に、シャドウの弱点属性の対応するキャラやTechnicalを狙えるキャラを表示してくれるのもなんともありがたいです。

　そのバトンタッチを狙う上で重要になってくるのがTechnicalです。
　今作では弱点の無いシャドウが結構出てきます。せっかくバトンタッチがあるのに活用できない……。そういったシャドウに対して狙うのがTechnicalダウンです。
　一例では、炎上状態のシャドウに対し、ガル系の魔法で追撃するとTechnical判定となります。イメージ的にはくすぶっている火を風で更に燃え上がらせる、って感じでしょうか。こちらもバトンタッチの最終倍率ほどではないですが、最大で1.8倍のダメージを叩き出せますので、積極的に狙っていきましょう。

[*][h1]忙しいあなたに贈る[/h1]
　要素が増えたからといって戦闘時間は長くはなりません。それどころかこなれてくると、どんどん１戦闘あたりの時間が短くなってくることでしょう。
　さらにはとあるコープを進めると貰える「瞬殺」というアビリティ。こちらがまた便利。10レベル以上離れているシャドウをその名の通り、瞬殺できるスキルです。戦闘画面にすらいかず、シャドウの名前と経験値、お金の表示があるだけ。あゝ無常、もののあはれ。
　無印のときには経験値もお金ももらえない、自主的に切れないと評判が悪いシステムだったようですが、Rでは上記の通り全部貰えるのでレベリングが超簡単。とあるダンジョンでは経験値にブーストをかけられますので更に便利。
　JRPGの煩わしく思っていた部分を見事に払拭してくれた素晴らしい要素です。

[*][h1]細部に光るユーザーフレンドリー[/h1]
　また、戦闘中のアシスト機能も素晴らしいです。
　こちらの機能は、すでに弱点が判明しているシャドウなどに対して有効な機能です。
　なんと1ボタンでシャドウの弱点属性に対応するペルソナに切り替えてくれて、技の選択までしてもらえます。
　町中ではファストトラベル機能が使えるようになり、さらに利便性の向上になりました。町中を歩く楽しさもあるのですが、この利便性には抗えない……。
　こういったUXデザインも非常に良い印象でした。

　私的に嬉しかったのは交渉要素が復活したことです。
　とはいっても、P1やP2ほど必須要素ではなく、使えたら便利という程度のエッセンスなのもまたいい感じです。
　毎度歌ったり踊ったり、目で殺したりするより銃を突きつけて[strike]強請る[/strike]交渉するほうがずっとスマートですもんね。

[/olist]

[hr][/hr]

[h1]BGM[/h1]

[olist]

[*][h1]SoulfulでImmersiveなMusic![/h1]
　すみません、ここは手放しで称賛させてください。
　私が好きな音楽のジャンルがJazz（殊にNu-Jazz）やAmbeatなのですが、物理弱点のシャドウにチャージ八艘飛びを放つが如くぶっ刺さりました。
　ありがとうATLUS、ありがとう目黒大明神、ありがとうLynさん。
　SoulfulなLynさんのボーカルを軸に、いつもの洒落とんしゃ～目黒さんの音楽、完全なハーモニーがP5の世界を盛り上げます。

　例のごとく時間帯や雰囲気に合わせた楽曲が度々流れてきます。
　日中の町中ではアップテンポなインスト曲が、雨に合わせてSmokeyなJazzだったり、作中で入れるJazz barではModernなJazzだったり。
　とりわけ予告状を出し、オタカラを盗みに行く際に流れる「Life Will Change」がSoulfulでとっても良いです。
　世界観に合わせるように全振りする姿勢はさることながら、楽曲一つ一つの完成度も極限に高くて十二分に満足でした。　

　また、没入感を大事にしたい私にとっては場面ごとにシームレスで音楽がつながっているのが見逃せないポイントです。
　P4のときも感じていましたが楽曲単体でゲームを成しているのではなく、全体を通して一つの音楽、一つのゲーム、という素晴らしいハーモニーを奏でます。

　余談ですがリズムゲーのP5DではJazztronikさんとコラボされて「Wake Up, Get Up, Get Out There」をRemixしているそうで……。Steamでも出たらぜひほしい……。

　P4の総じて明るくポップな雰囲気の楽曲とはまた違いますが、とても好きです。
　普段JazzやSoulとか全く聞かない人でも、世界観にあったBGMに聴き入ること請け合いです！

　ぐだぐだと述べましたが、要約するとそんなん気にせず聞き入っとけ！　ってことです！

[/olist]

[hr][/hr]

[h1][b]Negative Point[/b][/h1]

[olist]

[*][h1]冗長な日常[/h1]
　１日１日進むので濃密なストーリー、世界観の裏にゲーム進行が牛歩になってしまうという諸刃の剣があります。
　新生ペルソナ（３からと仮定）は往々にして、コープをMAXにしてしまうと、あとはダンジョンに潜るぐらいしかやることがなくなってくるのが玉に瑕です。
　しかし今作はまだ良いと思います。コープMAXになっても遊びに行けたり、デートができたり、ジャズバーに入り浸り仲間の強化を施したり、なんなら木人椿で自身の強化もできます。
　それでもやっぱり何か空虚な日常になってしまいますので、裏ボスの他にやり込める要素を設けてほしかったというのが正直な感想です。
　例えばコープMAX後のコープでもジャズクラブのようにステータスが上がったり、新技覚えたり、そこでしか見れないイベント等々。
　しかし、そんな事すると現実問題、開発のお金と時間がいくらあっても足りませんし、プレイヤー側も1周で全部見れないかもしれないイベントを詰め込まれるのは、時間がない方には辛いものがありますし難しいところだと思います。

[*][h1]オートセーブなし[/h1]
　正直今の時代にこれはつらい……。
　主人公が保護観察の身分で、仕方なしに行動記録をつけねばならないという体でセーブがされるのですが、それでもモダンなゲームにオートセーブがないのはどうしたものかと。
　真・女神転生でもですが、新生ペルソナでは主人公のHPが０になるとゲームオーバーとなります。
　慣れないプレイヤーは頻繁にやられて、最後にセーブしたセーフルームに戻されることになります（難易度セーフティではその場で復活可能なので除外）。ボス戦ではその戦闘からやり直せるのがせめてもの有情といったところでしょうか。
　せめてオートセーブスロットを３つほど設けてローディングの度にあればいいですね。セーブを忘れてコープの選択肢をミスしたときのやり直しにも便利ですし。

　重箱の隅をつつくことかもしれませんが、それらが取り除かれれば更に洗練された名作たり得るのかなと思いました。

[/olist]

[hr][/hr]

[h1][b]まとめ[/b][/h1]

　名作JRPG。
　ここ５年くらいで一番おもしろいRPGでした。
　欲を言えばこれを自身がジュブナイル期～モラトリアム期の間にどこかでプレイしたかったです。
　自己が成ってから見る物語と、まだ形容の途中で見る物語はまた違って見えてきます。
　ゲームに生き方を教わる、といえば大げさですが一つの指標となって見ることができたと思います。

　この作品にも、もっといいところがありもっと書きたいのですが、乱文がさらに加速し冗長になりそうなので簡単ではありますが、以上がPersona 5 Royalの感想となります。
　読んでいただきありがとうございました。",,,,,,1
56,56,76561198330416361,8669,True,0,とても凄いゲームです　私にとって　ストーリーは二番、ゲーム性は一番です,,,,,,0
57,57,76561198850886517,5896,True,0,"神ゲーです。
・プレイ時間：1周100時間程度（難易度：ノーマル,ある程度のやりこみを含む）
・日本を舞台としたジュブナイル×ピカレスクロマンRPG
・とにかくストーリーが良いです。また、序盤から伏線が多いため、1周目は会話をスキップしないことをお勧めします。
・前作P5を履修していましたが、だいぶ内容が増えており、前作履修者もぜひプレイしてほしい作品です。
・バトルはターン制のためアクションが苦手という方でも安心です。
・難易度ノーマルであれば、ゴリ押しでもある程度は進めることができます。
・仲間との交流をすることで、ゲームを優位に進めることができるます。積極的に交流しましょう。
・全体を通してとにかくオシャレ。（戦闘や音楽から特に感じます）
・主人公に惚れないように注意してください。",,,,,,-1
58,58,76561198062763938,6210,True,0,"全クリしたのでレビュー。

戦闘の演出が好きで待ち望んでいた作品。

怪盗を名乗って活動するノリが思った以上に肌に合っていなかったからかストーリー・戦闘共に不満点が次々に目についたけれど、システム面でどうにか補おうという制作側の努力がひしひしと伝わった。
結局ラスボスまで文句言いながらやったけど、EDのスタッフロールを見ると大きな達成感とロスを感じるから不思議。


",,,,,,0
59,59,76561198054818950,2307,False,6,"まず最初に言っておくと、自分はペルソナシリーズが好きです。
低評価にしましたがゲームがつまらないという意味ではありません。
が、かなり酷評するので、このゲームが好きで肯定的な意見が見たい方は閲覧非推奨です。


ということを前提に。

やはり戦闘パートがつまらないですね。個人的に低評価の理由はこれが全てです。

このシリーズは3.4.5と経験しましたが、過去作から明確に進化していると言えるのは
「弱点が開示されていればオートで弱点属性攻撃を選択してくれる（進化というよりただの改善）」
「弱点を突いたときに味方にターンを移譲できる」
「1ターン消費して味方を控えと交代できる」
ただそれだけです。それ以外は戦闘面では3の頃から何も進化していません。
相変わらずテンポは良くないし、単調でつまらないです。
新しく追加されている要素がそれをさらに助長していて、ぶっちゃけやってて苦痛なレベル。

4を経験済みで「戦闘だるかったなー」と思う方は途中で挫折すると思います。


例の一つとして。今作は属性がかなり追加されています。
が、なんと、属性が増えたことに対してプレイヤー側ができるレスポンスが何も用意されていないという呆れた設計。
一々新規の雑魚相手に増えまくった属性の中から、3、4と全く同じように弱点探すことから始まります。（弱点開示されていないとオートは出来ない）
つまり、過去作よりさらにプレイヤー側に負担が増えて面倒くさくなっただけ。

仲間を控えと切り替えることもできますが、切り替えで１ターン消費するので結局全部主人公任せになります。
一応、ペルソナを仲間にすれば有利不利の属性開示がされますが、仲間にするためにまず弱点を突かないと仲間にできません。
おや？と思いますよね。何を言っているかわからねえと思うが状態です。
弱点を知るために弱点を突いて仲間にするとかいう仕様。なんじゃそりゃ。笑えてきますね。

オート弱点選択とか便利なもの追加されてもそれ以外のところでそれよりも面倒くさくなってるという残念仕様。
過去作から全く進化してないシステムを「誤魔化すためだけに」属性を増やしたようにしか見えません。


他にも、取って付けた謎の銃要素とか、全員ダウンさせると止まる戦闘と音楽とか、ボス戦中の仲間を個別行動させる何の意味もない救済にもなってない謎の要素だったりとか。戦略に組み込めない完全ランダム発生の必殺技とか。
ほぼ全ての新要素が意味のない無駄なものです。
そういったものが積み重なって、制作側のここを楽しんでほしいという想いが全く伝わってこないので、なんかふわっふわしてるんですよね。
どうにかしてこの古臭いシステムを何とかできないかと試行錯誤した結果、「進化もしくは改善」ではなく「誤魔化す」ことだけに注力したような出来です。
ただただ取っ散らかって纏まりの無い戦闘は、相変わらずテンポが悪く、単調でつまらないまま。
新要素は邪魔なだけで、何をやらせたいのかが全くわかりません。

ぶっちゃけその場しのぎのような追加要素が過去作よりつまらない。
戦闘のクオリティが低すぎです。俺らは次回作への実験台なんですかね。


戦闘がこんな有様なので、探索パートもかなり苦痛です。
無駄に長いダンジョンで、子供だましのような面白くもないギミックを延々とやらされながらダルい戦闘を強要される。
プレイ時間が長くなりがちなペルソナシリーズですが、半分はこういった悪い意味での「プレイ時間の嵩増し」の為ですね。



とまあ酷評してしまいましたが、自分はペルソナシリーズが好きです。
日常パートでの仲間との会話、魅力的なキャラクター、色々な人とのコミュニティ。明らかになっていくミステリー。
ダンジョンから帰ってきた時のホッとする感覚。
そういったペルソナらしい要素は相変わらず素晴らしいです。

だからこそ、戦闘パートの過去作以上のつまらなさは本当にガッカリでした。",,,,,,0
60,60,76561198130144860,1195,True,2,"ペルソナシリーズは１～４まで遊んでます。
ペルソナ５は興味がありましたが、PS4を購入するのを見送っていた為、今回のsteam登場により念願のプレイです。
一言で言うと神ゲーですね。
ボリュームが凄いので寄り道しまくったら１週するだけで２００時間かかりました。
調べた所、別ゲーのP5SがノーマルEND前提で作られたそうなので、１週目はノーマルENDで終わらせています。
P5Rを遊んでいたらドハマりして、続編のP５Sを遊んでみたくなったので１週目はわざとそうしました。
なのでこのレビューはノーマルEND時のレビューとなります。
ちなみに悪魔全書は約９５％と埋めてあります。

それで肝心のゲーム内容なんですが、音楽良し、戦闘良し、テンポ良しと三拍子そろっていて素直に良く作りこまれているなあとを感じました。
シナリオも秀逸でおそらく多くのプレイヤーが最初に感じた違和感を回収するシーンは中々見ごたえがあります。
文句の付けようのないゲームなんですが、気になった点が２つ。

一つ目はDLCの存在。このDLCが有用すぎて序盤から導入するとヌルゲーとなってしまう事です。
例えばアクセだとSPが毎ターン１０回復する物が１０個（１個では無く１０個なのがポイント）とか、最強ペルソナが低レベルから使用可能とかです。
しかもDLCを個別選択して入手できない為、入手先のダンボールを調べると全てのDLCが一括して入手出来てしまう謎仕様。
使わなければ良いのですが、表示されれば使いたくなるのです…
またDLCペルソナに至っては普通に合体でも登場してしまうので、使わないと決めている立場からすると宝魔合体とかは結構これが地味に面倒だと感じた。
自分はペルソナ５初見で長くじっくり遊ぼうと思ってたので迷いなくフルプライスで購入しましたが、DLCでのゲームバランス崩壊は凄く気になりました。

二つ目はメメントス突入辺りから露骨にバランスが崩壊していく事。難しくなるというわけではなく、むしろお金やアイテムが異常に増え、一部のコープアビリティーが有用すぎるのでヌルゲーと化します。
以下ヌルゲー化する一例
・装飾品の大気功が買えてしまう→探索では装飾品がほぼこれ一択になる
・メメントスの沸きアイテム→認知変化を利用する事で取得が数倍となり、所持金が中盤で数百万とかになる。
・コープアビリティの瞬殺→１０レベル下の敵をノーリスクで倒すというのはやりすぎ。このゲームはかなりレベルが上がりやすいので、少しレベル上げするとラストダンジョンの敵すら瞬殺で倒せてしまう。

自分は１週目は全くDLCは導入しないで遊びましたが、序盤の４月５月時点のバランスは戦闘も無駄な行動も出来ず、アイテムも必死に探して宝箱有無に一喜一憂する等、本当に良いバランスでした。
まあ控え目に言って超良作なんで、そんな不満も霞んでしまうほど面白いんですが…
万人にオススメできるゲームだと思います。",,,,,,0
61,61,76561198387970876,6,False,1,『システムデータの読み込みに失敗しました』と表示されプレイできません。,,,,,,0
62,62,76561198167589964,6281,True,1,"ずっと高評価で好きなシリーズなのに、家庭用ゲーム機を買ってまでは面倒だなと諦めていた作品だったので、遊べて嬉しいです。やってみてそりゃ話題になるわなと納得できる魅力と楽しさ、これまでのシリーズに足りなかった部分とかゆいところに手を届かせた感がまた満足です。
まだクリアしていないのですが、宇宙パレスの部長ってなんであんないきなり強いんでしょうか？。。。ってことが今のところ大きな気に入らなさです。あんな通りすがりの中ボスに何回やられたことか。
過去タイトルのリリース楽しみですが、P５の良いところをDLCで追加して遊びやすくしてくれるといいのにな～とか思います。あと女神転生もsteam版待ってます。",,,,,,0
63,63,76561198159977293,10345,True,0,ブラボー！！！,,,,,,0
64,64,76561199009991333,9420,True,1,神ゲー、やらないと俺が心を奪いに行きます。,,,,,,0
65,65,76561198392433971,1772,True,0,駅地下モールにいくとゲームが落ちてしまいます、助けてください,,,,,,0
66,66,76561198986261468,138,True,5,"スマブラでジョーカーを使ってたので前から気になっていましたがめちゃくちゃ面白いです
",,,,,,0
67,67,76561198054044400,2944,True,1,"まだ途中ですが、STEAMでは後編のファントムストライカーが先にリリースされてしまったため、ファントムストライカーでは？？な部分が多かったし、本作ではネタバレ感が否めず非常に残念です。
こちらからリリースしてほしかった。
どちらもやってない人は気を付けてください",,,,,,0
68,68,76561198083846338,9412,True,0,"steam上でのトロコンしたのでついでに。（ゲーム内の全実績解除はまだ）
普通に遊んで80時間
からの2周目で合計150時間遊べた
演出がちょいちょい挟まるせいで割と時間を食ってしまうけどガチで面白い
ストーリー・キャラ・システム・UI全部良い
自分はコレがP5初プレイだったけど追加されたｽﾄｰﾘｰも組み込み方が上手くてとても楽しめた",,,,,,1
69,69,76561198048403225,700,True,4,"一週目ノーマルクリアまでやった感想は非常に良いの一言。
追加された3学期編は考えさせられるストーリーとなっていてとても面白かったです。
気になる点はイゴール、惣治郎、祐介の音声がノイズが乗ったような感じになってます。聞き取れないくらい酷くはないのですが・・・
パッチアップデートなどで改善してくれるとありがたいです。
あと、メメントスでレベリングをしてパレスを攻略するといった流れになるかと思いますが
レベルの上げすぎに注意しましょう。戦闘のほとんどが竜二のコープアビリティの瞬殺で終わってしまい味気ないものになってしまいます",,,,,,1
70,70,76561198032621016,26,True,38,"ウインターセールで買った人もいるだろうからとりあえず。
最初の名前入力で漢字入力しようとしてウインドウ最小化される場合
IMEをMicrosoft-IMEにしてみましょう。

OP直後の不具合なんだからこのくらいバグ取りしとけ…",,,,,,0
71,71,76561198085964521,1922,True,0,どうなの？,,,,,,0
72,72,76561198064270634,10380,True,0,"RPGとして間違いのないタイトルであり、おすすめです。

良い点：選択した難易度により初心者からシリーズファンまで楽しめます。プレイヤーに有利なDLCも大量に入っているので難易度が低ければストレスフリーにプレイできますが、高難易度だとリソース管理に頭を使う事になります。「反逆」がテーマのストーリーやキャラクターも凝っており飽きさせません。システム面も非常に親切で快適にプレイできます。また個人的に世界一メニュー画面が格好いいゲームだと思っています。そういった細かいところまで作りこまれています。
悪い点：クリアまでにそこそこ時間がかかる事や、ストーリーが合わない人にはひたすら合わないという点があるかと思われます。またリメイク作品という事もあってか、途中ノーヒントの取返しの付かない要素があり、シリーズ初の方は無理せず情報収集した方がいいかもしれません。

総評としては、傑作と言っていいと思います。

",,,,,,1
73,73,76561198978987155,15491,True,2,"ようやく出やがった。4がSteamに出た時から待ち遠しかったが発表からはうずうずしっぱなし。
やっぱりと言うべきか、作品が飛び交ってるこの時代でも紛れもなく名を上げるべき名作だ。
あれだけ時間を潰えたことに後悔の欠片も持ち合わせていない。

ただ、全シリーズをやった身として、多少は言いたいこともある。ただ何も考えず称賛を遅れまい。

まず、褒めたいことはそれなりある。
・行動の[b]豊富さ[/b]は段違い
ザ・ロイヤル込みと考慮しても殆どの行動には段階を踏ませているしそれをちゃんと描写している。そういう所は機種の進歩を感じる。前と比べると日常パートの自由度はそれなりに上がった。
・交流活動に利点は生まれた
元々はただ交流自体はご褒美みたいな面は強かったが今作は色々と利益はあって、交流で何かを得ることに注視している。交流自体は損なわれないがこちらは何かを持っている人たちをコープ対処に選んでるのであって、たまたまではないなのはよかった。
・恋愛
元から気になっていたが、こちらが告白すれば恋人、何もしないと友人。って結構白と黒を分けるやり方だったが今回はちゃんと相手に好かれていることを見せているので前の極端さはなくなっているもっと自然に映る。
・パレス
つーかダンジョンだが、普通に結構遊べるようになっている。主人公は動けると色々なギミックのお陰でただの作業ではなくなっている。ボス戦にもちゃんと演出があって高揚感はある。オタカラを盗む時は常にわくわくする。
・ベルベットルーム
そこらもやれることはかなり増えた。アイテム化に強化は可能になって、自由度はかなりのものになった。
・かすみ
ザ・ロイヤル要素だからなんでしょうけれど、殆ど仲間ではないにも関わらず日常との絡みは良かった。意識させるようにあっちこっちに交流があったことで存在感が他の仲間にも勝る。動作にも気を配られている、彼女が随所随所に生き生きしている。感動する時に無駄に近くに来たり、立つ時に足を床に叩いたり、ショータイムに主人公に姿勢を変わらせたり。ちょっと見れば、そう言う動作のおかげで特別に見える。
なんにせ、他の仲間にはない作りこみだから。

ちょっと微妙だが悪くなかったので無視したくないのはショータイム。
はっきり言って、いたい。仲間のショータイムはネタに走りすぎている感を拭えない。格闘にアメリカに日本に告白。ネタ自体はいいけど、戦いを真面目にやっていない感しか出てこなかった。
それを割り切ればいいが主人公が3学期にザ・ロイヤルのキャラとショータイムを解禁するとどう？段違い。そっちはネタを持ったままちゃんと戦って連携していることを魅せられる。
仲間の方はおまけと邪推したくなる。
[strike]いや、絶対おまけだが[/strike]

これからは劣っている点。前作を考慮する前提で。
・仲間との交流
殆ど存在しないもいいところだ。かすみの存在感とも関係している。仲間とのイベントは基本的に物語のイベントに他ならない。それをよく物語っているのは初詣からの数日：全員はお互いで[b]勝手に[/b]生きている。絡みがない。そりゃそうさ、友人の集まりと言うより怪盗団絡みで集まっているだけの集団だ。だから1周目の大部分にキャラが弱いと勘違いしてしまった。キャラは弱くない、結構濃いのもある。ただ絡まない、故に[i]印象に残らない[/i]。
一応、主人公とは絡むが主人公は喋らんので、絡むは適切な表現ではない。鏡とか、自分と喋るみたいなもんだ。
・日常
ありゃ酷かった。選択肢が何かしらを左右しないようにしてくれたのはいいが、反動に面白い会話も人間パラメータを必要とする選択を無くなっている。しかも学校は形骸化していることでますます仲間との交流は無くなって、本当に行動の豊富さに救われる羽目になる。救われざるを得ない方が正しいほどに。
・人間パラメータは無意味に近い
コープの解禁と成績以外は役に立たない。成績も前と違って反応は背景の噂話程度でただでさえあまり存在意義のなかったステータスだったのに悪化しやがった。
・恋人
褒めていた点ではあるが前と同じでイベントはコピペだよ？全部を見るとうざいだけよ。キャラにあったイベントぐらいしてほしかったよ。
・2周目
元からおまけ要素みたいなものだったがパラメータで取れなかった選択肢を取れたとかでそれなりの楽しみ方はあったが、今回はそういうのはないからただおまけのボス二人の為にはちょっと酷いと思った。しかも、ボスの一人はパズル要素は強いので戦っている印象はなかった。

ペルソナはこちらが持たない日常を経験させてくれると読んだことはあるが今回の友人での絡みの薄さでその印象は弱くなった。
それでもかなりの良作ではあるし、ペルソナの殆どを成長させた作品。",,,,,,0
74,74,76561198802957428,7519,True,0,部屋にアリスとラヴェンツァ並べたい,,,,,,0
75,75,76561199225157062,17690,True,1,マジで楽しすぎて1週間が消えた,,,,,,0
76,76,76561198031790688,9654,True,13,"これからプレイする方へ一言

軽い気持ちでやると怪盗団に時間を頂戴されるので必ず区切りを付けてプレイしましょう",,,,,,0
77,77,76561198095429013,7559,True,6,"ボリュームが凄まじいが実績コンプリートは結構簡単。
シリーズ未プレイがプレイしやすくはあるけど、可能であれば3や4を先にやってほしい。
UIの進化にびびるのと、シリーズのメタ的な伏線があったりと。
",,,,,,0
78,78,76561198978526368,4329,True,2,担任の先生と付き合って、倫理観を置き去りにしよう,,,,,,0
79,79,76561198311357021,9414,True,2,"最近は高グラフィックのアクションRPGばかり発売されますが、このゲームはターン制でアクションが苦手でも落ち着いてプレイできるのが良い点です。

RPGとしては面白いと思いますが、時限要素が多すぎです。
攻略サイトを必死に見ながらやらないと、取返しがつかないことに確実になるのが難点です。
あと、クリアまでの時間が長すぎです。普通にプレイしても100時間位かかると思います。
長時間ゲームしたい人にはお勧めかもしれませんが。",,,,,,0
80,80,76561199221824792,11333,True,0,"P4Gがフリーズしまくりだったので様子見してたが、不具合報告も少なかったのでセールをきっかけに購入。
現在３周目だがフリーズ等の不具合は一度もなし。ゲームの率直な感想としては簡単で親切なゲームだと思った。
正直、難易度が低いのでRPG部分の物足りなさは否めないがトータルとして良いゲーム何じゃないかな。
サブで使ってる普通のノートパソコンでも動いたのは意外だった。",,,,,,0
81,81,76561198086826547,7850,True,0,"ボリュームがすごい。
一周するのにかかった時間が某サイバーでパンクなオープンワールドゲーを全クエ消化でクリアした時並みとは恐れ入った。

気になるところ：
・アニメムービーや一部UIのアニメーションはフレームレートが低め（30？）っぽい？（まぁどうしようもないんだろうが。）",,,,,,0
82,82,76561198203954173,4098,True,0,最高のゲームだ。,,,,,,0
83,83,76561199228158083,5703,True,3,"前作からプレイすると序盤とてつもない違和感と共に、後半とんでもない鳥肌を味わえるのでオヌヌメです
",,,,,,0
84,84,76561198150824784,5688,True,2,"P3・P4と比べると格段に遊びやすくなったしダンジョン探索の単調さもかなり解消されてるのでオススメにはするものの、
それを台無しにするほどのシナリオと一部演出があるので期待しすぎるとよくない。

キャラクタ設定の粗や細かいところは置いとくにしても
そもそもP3以降のペルソナシリーズって何かと向き合って自分が成長していくジュブナイルだと思ってるんだけど、
今作はわかりあえないから相手の歪んだ心を直接ぶっ飛ばして改心させようって流れで話が進んでいくのでずっとモヤモヤしちゃう人も多いと思う。

作中でもその是非を問いかけてきたり、一応の答えは示されるものの、納得感は薄く、
終盤に近づくにつれ話の展開もプレイヤーを直接ぶっ飛ばしてくるような強引さがあるので、
ストーリー的な満足感を求めるならP4Gのほうがいいかもしれない。

あとシリーズ屈指の低難易度なので
経験者はDLCペルソナ使わないのはもちろん、ハードかチャレンジおすすめ。
強化系の施設や一部装備も縛っていいかもってぐらい。",,,,,,1
85,85,76561198965260286,6035,True,0,最高のRPG,,,,,,0
86,86,76561198256194923,7791,True,3,"1周目で全コープMAX（ついでに10股）にはしてみたけど…P4Gに続き日程ぎっりぎり過ぎないかな？
もう少しゆとりを持って遊びたい
いろんなサブ要素を遊ぶ余裕が全くないし、仲良くなったらその後は放置しかない

悪魔もスキル好きなようにいじれるしステータスMAXも容易すぎでは？
ペルソナはどんどん悪魔要素がどんどん薄まっていく気がする…

とはいえストーリーはとてもいいと思うし、ラスボスの望む世界でもいいのではないかなっても思う
総合して楽しめた（修羅場も良かった）",,,,,,1
87,87,76561199089700263,10133,True,0,"とりあえず1週目クリア！
無印プレイ済みでロイヤルはsteam版が初見です。
ロイヤル版の追加ストーリーはかなりボリュームがあって良かったです。
パレス、メメントスともにコープスキルの「瞬殺」が追加（無印無かったよね？）されたことで相当楽になったのがよかった。
竜二はウザいw",,,,,,1
88,88,76561198861396294,5713,True,1,"発売１か月でセールにて30％OFF
初セール時点のパケ版中古相場が4500～5000円程度なので購入し1週目クリアしました

　３Dマップが自由視点でなく若干の見づらさはあるものの、怪盗アクションやパレス（ストーリーダンジョン）のギミックが単調では無いので最後まで飽きずに楽しむ事が出来ました
　戦闘曲やナビボイスは前作（P4G）のりせちーが陽キャで好みだったのですが陰キャの双葉がイキってるのもアリだとは思います・・・この辺りは本当に好みの問題だし、どうしてもという人はDLC衣装で４の戦闘曲を流す事は出来ます
　フリーダンジョン（メメントス）はある程度以上進めると戦闘の時短が行えるので快適に探索する事が出来て良かったです
　ベルベットルーム（合体）周りは通常の合体に加えて育成やアイテム化が出来て幅が広がっていることに加えてネットワーク通信を利用した合体もあり前作からの進化を感じる部分です
　ソフト自体の動作も安定しており一度もクラッシュすることはありませんでした

上記の理由から概ねどなたにでもおすすめ出来る作品です",,,,,,0
89,89,76561198288183810,1725,True,0,プレイ時間２９時間　今のところ控えめに言うと神ゲー,,,,,,0
90,90,76561199132615019,5814,True,0,当色欲，虚荣，暴食，愤怒，贪婪，嫉妒，傲慢都化为希望与感动时，怪盗也迎来了最后也是最好的结局，这一切让我不禁喊出那句“p5天下第一。”,,,,,,0
91,91,76561199207839734,1817,True,2,"凄いわこれ。
これだけ神ゲー神ゲー言われて期待値上がってる中でプレイしても神ゲーって感じる。
こういうのを本当に神ゲーって言うんだろうな。",,,,,,0
92,92,76561198165929701,4100,True,5,"登場キャラ達がとても魅力的で、ストーリーも面白いです。
敵を仲間にして合体させて新しいペルソナを作ったり装備品を作ったりで中々の時間泥棒。
前作のペルソナ4ゴールデンもそうでしたが、5も買って良かったなぁって思わせてくれる1本。

不満なところがあるとするならばパレスと呼ばれるダンジョンが長い。周回前提として作られたゲームとしては1つ1つのダンジョンが長いのは結構しんどいかも",,,,,,1
93,93,76561198137382424,14726,True,0,好！,,,,,,0
94,94,76561198834133931,6882,True,0,"P4Gを２周、P5Rを１周しました。
音楽とストーリーはP4Gの方が好み、グラフィックやバトルの爽快感はP5Rの方が好きでした。
どっちもいい作品だからオススメです。

ただ、P5Rは１周で楽々トロコンできてしまった。
マイパレスのアワードコンプは、友人コース10名の壁が高すぎて２周目やる気しないよ。。。

P5Sにいくか、細々とP5R２周目行きながらP3P待とうと思います。",,,,,,1
95,95,76561198230629972,2634,True,34,"※人混みでfpsが下がる人はタスクマネージャーを開き、[詳細]タブからp5R.exeを選択し右クリック、［優先度］の項目を 高 に上げると直ります。steam掲示板に出てた情報。

但し現状、ゲームを起動するたびに再設定しないといけない為面倒です。開発が対応してくれることを望みます。

2022 12/3 追記
クリアしました。ほぼ完璧なゲーム。ここまで丁寧に作られたゲームは中々無い。",,,,,,0
96,96,76561198825085431,3897,True,2,自分の人生の中で最も熱中したゲーム。ストーリー、戦闘、キャラクターすべての完成度が高いと思います。迷っている人はぜひプレイしてみてほしい。,,,,,,0
97,97,76561198411142783,4869,True,0,"トロコンしたのでレビュー。

ペルソナ４の正統進化版。面白い。
音楽が最高。キャラデザやUIもおしゃれ。
ペルソナをガンガン仲間にして、合体させて好きにスキルを選んでいくのも楽しい。
コープ（前作のコミュ）も楽しい。
難易度ノーマルならストレスフリーで楽しめる（部長除く）。

ただ不満点もある。
ストーリーは悪人を疑似世界でボコったら改心というのが単純すぎた。
もっと善悪で二分できないような敵が色々いれば、主人公たちが葛藤しながら成長するのが見れたと思う。
あと日常シーンがつまらない。選択肢は出るけどほとんど変化がない。
ふざけた返答をしてもさらっと流されてしまって悲しい。
ダンジョンも初見はそれなりにギミックを楽しめるけどダルくてもう一回やりたいとは思わず。
長時間楽しめた一方で、二週目はやる気にならない。

不満点もあるが総合すると文句なしでおすすめです。",,,,,,-1
98,98,76561199049820704,3369,True,0,GJ!!!!,,,,,,0
99,99,76561199064048786,4695,True,1,Mecha omoshiroi,,,,,,0
100,100,76561198068487318,2978,True,1,"[h1] ショータイムだ！ [/h1]

　現アトラァス社の[b] 一番の稼ぎ頭 [/b]にして世界的ヒットを飛ばしたペルソナシリーズ第5弾、Steamに降臨！
版権というか、独占契約か何かの都合で[b] 無双の方 [/b]が先に出ていましたが、無事こちらもこっちに来たわけですね(もちDLC全部入り[b] ←ここ重要 [/b])。
とはいえ無印が2016年発売ということで、もうこのゲームの[b] イイトコロ [/b]なんてイチイチ追求してもしゃーないので、
[b] 各キャラクター特性について [/b][i] お話します。 [/i](弱ネタバレ注意)

[h1] 坂本りゅーじ [/h1]

　巷では[b] ファッキン・モンキー・シット・ガイ [/b]なんて呼ばれてます(？)が、実際その通りであるから仕方ない。
前作の相棒枠である[b] 超絶(黙っていれば)イケメン聖人陽介 [/b]等を比較に挙げると、
おおよそ[b] ”相棒とは思えない空気の読めなさ” [/b] [b] ”終始クソクソ連呼する態度の悪さ [/b]に頭がクラクラすること必至。
かといって[b] じゅんぺー(3の相棒) [/b]のような精神的成長が見込めるかというと、ぶっちゃけ本編では微妙なところ[u] (後日談にあたる無双の方では描かれているかもしれない？) [/u]

[h1] モル ガナ [/h1]

吾輩は猫である。

[h1] 高巻 杏 [/h1]

　最初に目立つタイプのヒロインは大抵[b] 負けヒロイン [/b]となること請け合いだが、彼女もその可能性を秘めている。
なぜかというと、後続のヒロインタイプの異性[b] (同性を含む) [/b]があまりにも強すぎるからだ。
高巻杏は非凡な才能がある女性だが、性格上かなり[b] ベーシック(悪く言えばオールド)なタイプ [/b]であるが故、昨今の、いわゆる[b] 尖っている個性を持つ女史達 [/b]に太刀打ちできる素養がない。
[i] お前は選ばれなかった… [/i] なお、彼女の属性は[b] 火炎系 [/b]である。[b] つまりそういうことだ。 [/b]

[h1] 喜多川 祐介 [/h1]

　超変人。刀使い。芸術家。度胸はあるが、色仕掛けに弱い(五ェ門リスペクト)
今作のメインヒロインの一人である彼は、度々[b] 生活苦 [/b]に悩まされているようだ。
SNSで「家に上がらせてくれ」と頼まれたら、とりあえず上げてあげよう(推奨)
なお、彼のスタメン入りを希望しない場合、[b] コープの優先度はやや低い。 [/b] 氷殺系。

[h1] 新島 真 [/h1]

　坂本から[b] 「世紀末覇者先輩」 [/b]とやや強烈なあだ名を付けられた女史。
その由来は[b] ペルソナがバイク [/b]である点と、やたらとげとげしい見た目からだ。
[b] 綺麗な薔薇には棘がある [/b]という言葉は、彼女にこそ相応しい。
なお、彼女をオトす予定がある男子諸君は、事前に主人公の[b] 知性 [/b]や[b] 魅力 [/b]を伸ばしておく必要があるため、注意が必要だ。
健闘を祈る。
(よく誤解されがち(？)だが、[b] ”真島 真” [/b]ではないので注意が必要だ)←誰だよ、隻眼のヤクザか？

[h1] 双葉 [/h1]

　いわゆる今作の[b] ナビゲーション [/b]を担当する女の子。
実は序盤からその存在をチラつかせている。[b] 貴方にこの謎が解けるかな？(ウゼぇ挑発) [/b]

[h1] 奥村 春 [/h1]

　華奢な見た目に誤魔化されるな。本当はこいつ[b] スゲぇ怪力 [/b]だぜ？

[h1] 明智 吾郎 [/h1]

　自称探偵、ハナに付く言動がウザったいけど快く許してあげようね。
ロイヤルの追加要素の鍵を握っている人物でもあるから、なるべくお誘いは断らないようにしよう(推奨)

[h1] 芳澤 かすみ [/h1]

　ロイヤルで追加された女の子の一人。[b] 最初はウザいかもしれない [/b]けど、結構ノリがいい後輩キャラ。
線が細く、今にも[b] バキッと折れてしまいそう [/b]な華奢な身体をしているが、実際はしなやかかつ強靭な肉体を保持している。
新体操の選手なんだって！[b] 他の女子からあんまり好かれてない [/b]みたいだから、優しくしてあげようね！

おわり！",,,,,,0
101,101,76561197992759245,5875,True,29,10股出来る神ゲー,,,,,,0
102,102,76561199160464636,3407,True,1,世界観がとてもおしゃれでストーリーも最高におもしろい,,,,,,1
103,103,76561199084886947,5948,True,15,Kasumi best girl.,,,,,,0
104,104,76561199013597617,464,True,12,"[b]念願のP5R！[/b]

P5が発売されたとき対応機種を持っていなくて我慢。
ネタバレは避けたい主義なので情報は仕入れずアニメ化されたときも観ずに、ひたすら我慢。
『P4G』がSteamで発売されたとき「まさか？」と期待に胸を膨らませつつ時は流れ……。

まさかの思いが本当に！
Steamで『P5R』発売!!!!!

ありがとうございます！
感謝と嬉しい気持ちでいっぱいです！
今回セールされていたこともあり、思い切って『P5S』も一緒に購入しました。（遊び終わるのいつだろう？ / 笑）

前置きが長くなってしまいましたが実際にプレイしてみての感想は、まだ始めて間もないものの、すっかり『P5R』の世界に引きこまれています。
[b]ストーリー …… [/b] 続きが気になる
[b]アニメ …… [/b] 綺麗
[b]声優 …… [/b] 言わずもがな豪華（笑）
その他、システム画面や演出等とにかくオシャレ！
さすがペルソナ。
今では自然と頭の中で戦闘BGMが流れる始末。

……と、まあ思いついた点をざっくりと書いてみました。
使用しているPCは古く、性能もよくはありませんが低画質に設定することでプレイできています。
それでも若干、動きがもっさりするときもありますが（苦笑）
「この場面、高画質で見てみたいなぁ」と思うときもありますが、それはまた別のお話。",,,,,,0
105,105,76561198958619282,6237,True,0,👍,,,,,,0
106,106,76561198399608601,8935,True,7,"ようやく出たストライカーズの前日譚もとい本編。
やや低スペックの自環境でも軽々と動いてくれて楽しめました。
ただデビルサマナーのDLCは欲しかったところ…",,,,,,0
107,107,76561198133811080,160,True,2,I bought this game 3 times already Atlus please make Raidou 3,,,,,,0
108,108,76561198353890161,18796,True,3,時間が溶けます,,,,,,0
109,109,76561198051367127,7401,True,0,"まだクリア前ですが、レビューします。
登場人物、ストーリー、音楽ともに最高です。グラフィックに関しては特別良くもないですが、P4Gと比べれば格段に向上しています。
ペルソナシリーズはP4Gが初めてでしたが、P4Gと比べると最初はダークなストーリー展開にソワソワする感じでしたが、プレイ時間を重ねるたびに、P5Rを夢中でプレイしています。
発売後１か月余りでセールになったのはちょっとショックでしたが、差額を補って十分なほど楽しめる作品だと思っています。
私のようにゲームはPCオンリーで洋ゲーばかりプレイしている方は、是非一度プレイすることをお勧めします！",,,,,,1
110,110,76561198052398501,37,True,0,"パソコンが古くグラボの関係かドライバなのかどうかはわかりませんが、名前入力画面でフルスクリーンのままで進めると日本語入力で画面が最小化され入力できず、画面復帰させても同様現象を繰り返しゲームが進みませんでした
取り敢えずウィンドウモードにしたら入力可能となったので、もし同様の現象で困ってる人がいればウィンドウモードにすれば切り抜けられます
Fallout4のときに購入した2015年のPCですがHighの設定でも問題なく動きますので、上記以外は問題ありません。
ペルソナ4Gと比べると格段に進歩してますしペルソナQ2で存在は知っていましたが、据え置きコンシューマは何一つ持っていないので、Steamでリリースされて本当に嬉しいです。
唯一の心配だったPCスペックも問題ありませんでした。ただノーマル前提のファンサービスがあるのでロイヤルから始めると？？？な部分がそれなりにあります。
",,,,,,0
111,111,76561198860030605,11954,True,0,"Rivers In the Desert を聞いたときは震えました。
ストーリーもBGMも最高です。
2周目は9股しました。",,,,,,1
112,112,76561198070072096,8172,True,0,色々言いたいが、集約すると《神ゲー》,,,,,,0
113,113,76561198356762018,3190,True,0,"ペルソナシリーズは初のプレイですが、楽しくプレイさせてもらっています。
ストーリーを一周するだけでもかなりの時間がかかるため、サクッとプレイしたい方には向かないかもしれません。",,,,,,0
114,114,76561198970598032,791,True,0,ただ一言、まさに名作！！,,,,,,0
115,115,76561199163825927,1671,True,0,ペルソナシリーズ初めてやります。プレイ時間２０時間ほどです。難しいイメージだったけどゲーム全体のテンポとUIのわかりやすさが洗練されていて楽しいです。,,,,,,0
116,116,76561199012477329,148,True,1,パンケーキに負けた男,,,,,,0
117,117,76561198019292937,274,True,4,"DLCのペルソナが強すぎて萎えた
意味のない育成要素だよ
ゲーム自体はおもしろいのに残念",,,,,,0
118,118,76561198109251301,6250,True,29,"面白かったですがライドウDLCが入っていません。

＞オリジナル版『ペルソナ５ ザ・ロイヤル』で販売された40以上のDLCを最初から遊べる状態で収録！

すべてのDLCが入っているとは書かれていないので嘘は言っていません・・
",,,,,,0
119,119,76561198208662196,682,False,1,"起動後『システムデータの読み込みに失敗しました』と出て出来ない。
pcのスペックはクリアしてます。なぜでしょう。",,,,,,0
120,120,76561199203772514,159,True,1,なぜ私の後輩が通行人になったのか，あなたは私の後輩を返します,,,,,,0
121,121,76561198348796669,10851,True,1,かわかみさだよがすきです,,,,,,0
122,122,76561198274851164,3656,True,1,プレイしないと人生損です,,,,,,0
123,123,76561199165359462,499,True,1,"[h1]「RPGはレベル上げとかめんどくさいし最後までプレイできない」という人にこそプレイしてほしい[/h1]

PS4でクリア済みですがそれでもまたやりたくなって買いました。
私もシングルプレイは途中で飽きてしまうタイプですが、このゲームはそんなことは全くありませんでした。ペルソナ５プレイ済みでクリア時間は120時間というボリュームでしたが、最後まで苦も無くプレイできました。
一番面白かったシングルプレイヤーのゲームを聞かれたら間違いなくこのゲームを答えます。

理由として、このゲームは[u]とにかくオシャレ[/u]です。
バトルはもちろんのこと、BGM、UI、街並みなど、ここまでオシャレなゲームは初めてでした。
敵の弱点を突けば一方的に倒せるというスタイリッシュなバトルシステムでストレスなくダンジョン攻略できました。
さらに敵全員の弱点を突くと行える総攻撃の一枚絵がめちゃくちゃカッコいいです。

また、前述した通り街並みと日常パートのBGMもめちゃくちゃオシャレなのがこのゲームの魅力です。
日常パートでは仲間と過ごすもよし、バイトでお金を稼ぐもよしで都会での生活を満喫できます。

リマスター版ではDLCが全部入っているので、コスチュームを変更して歴代ペルソナシリーズなどのBGMにして気分転換したり、簡単に進めたい人はDLCで追加された協力なペルソナを使うとサクサク進むと思います。

ロイヤルで追加された三学期のシナリオも含めて本当に最高な作品でした。ぜひ一度プレイしてみてください。",,,,,,1
124,124,76561198067244320,5740,True,1,,,,,,,0
125,125,76561198836794271,110,True,1,ペルソナは最高,,,,,,0
126,126,76561198173871169,4590,True,2,"奴はとんでもないものを盗んでいきました
私の時間です",,,,,,0
127,127,76561198410872835,3752,True,2,"真エンドまで到達しました。過去作はP3FとP4Gをプレイ済みです
ストーリーについては今までプレイしたゲームの中で最も素晴らしいものでした。
多くは書きませんが、芳澤コープ（過去作のコミュに相当）と丸喜コープは11月中旬までにあげれるところまであげましょう。3学期に関わるので必ずあげましょう。
今までの雑魚敵相手のプレスターンバトルと言えば、主人公のペルソナに各属性魔法を詰め込み一人で全員ダウンからの総攻撃＋シャッフルタイムという作業感の否めないものでしたが、魔法が8属性になったことと、今作で追加された「バトンタッチ」によってちゃんと仲間が戦闘で活躍できるようになりました。
誰にでもおすすめできる作品なので、是非ともプレイしてみてください。
出来る限りネタバレを踏むことなく進めてほしいので、Y〇utubeなどの閲覧は注意して下さい。

最後に。
股がけするなら10股しよう。
徹底的にやっちまえ～～",,,,,,1
128,128,76561198268011542,77,False,4,"3・4が面白かったので購入しましたが期待外れでした
シナリオが不快。
ヘイトを溜める鬱陶しいキャラを出してプレイヤーのヘイトを集めた後に、そのキャラをしばきまわしてカタルシスを得させてくるタイプのちゃちいお話が最初に出てくる時点でやる気が失せました。
3・4とシナリオの傾向が違いすぎたのでシナリオライターについて調べてみたら案の定変わってました。ドラマとかの脚本家様らしいです。お前は一生くだらねえドラマの脚本書いとけ。
一応クリアまではプレイするつもりなのでここから面白くなったら追記します。
今のところ3・4が面白かったから５を買おうという方にはおすすめできません。
あとＦＰＳでなさすぎＰＣ用に最適化してねえだろ
アトラスさんはセガの子会社になったから適当になってるんですか？？？",,,,,,1
129,129,76561198151335710,7492,True,7,友人から問答無用でギフトされてしぶしぶやり始めた作品。周りもプレイしており「へぇ、そんな面白いのか」とさほど関心もなくだらだらやっていたのだが、プレイしていくうちにこのゲームのボリュームに気づきこれは骨が折れそうと思いながらも純粋にストーリーを楽しみ、ミニゲームをやり込み、なにより作品内に登場する十人十色のかわいい女の子たちを口説き倒し、最後には涙が流れるような結末・・・これらすべてを込みしてこのゲームぜひプレイしていない方におすすめさせていただきます！もちろんペルソナシリーズはロイヤルが初めてでしたが先入観を一切捨ててやってみてこんなかみげーにで合わせてくれた友人には頭が上がりません。来年にはペルソナ３のリメイクモでるらしいのでもちろん購入させていただきます。,,,,,,1
130,130,76561199201753583,7390,True,0,最高傑作,,,,,,0
131,131,76561198091947904,7705,True,1,"４も好きでしたが、５はさらに作りこまれていて、
ストーリー、戦闘、キャラクターそれぞれの良さなど
確かにこれは凄いゲームでした。
というか、じっくりセリフ読みながらとはいえ、
まだ何個かダンジョンがあると先にアニメみて知っていたのに
すでに１００時間以上プレイ時間たっている。
楽しいゲームというのは、もう終わりか、もっとやっていたいと
思うことがあるのですが、このゲームは本当にそれを長い時間
味合わせてくれて、嬉しいです。",,,,,,1
132,132,76561198273876216,7583,True,1,君も１０股して屋根裏のゴミになろう！！,,,,,,0
133,133,76561199014548082,2742,True,1,"こんな青春を送るはずだったのに・・・

～追記～
缶ジュース９９個買いたくなるのなんででしょうね。

初見？昔アニメで見ちゃっておぼろげに進めてたんですが、最後まで新しい発見が途切れない作品ですね。ノーマルで100時間経ってもロイヤルで追加されたダンジョンに挑戦中です。
各難易度予想（考えさせてくれ、古参方よ）
イージー：レベリングせずサクサク進むだろう。
ノーマル：ちょっと金策ついでにレベリング挟むとスムーズ。しっかり初見殺しにあいました。
ハード：３・４のノーマル相当？それなりにペルソナ愛がいるだろう。
チャレンジ：メガテン３ハードと同等かそれ以上だろう……そっとしておこう…

おまけ…ジョーカーに似た反逆的アニメキャラがいるんですが、どっちもかっこいいです。やはり撃っていいのは、撃たれる覚悟のある奴だけですね！",,,,,,0
134,134,76561199002652145,266,True,0,やめ時が見つからない,,,,,,0
135,135,76561199268398156,6898,True,0,時間泥棒な神ゲー,,,,,,0
136,136,76561198022264109,5631,True,2,"UIとストーリーとモデルとUIと展開とサントラとUIとサントラとUIが神。

ペルソナの自由度が無駄に高すぎるせいで個々のペルソナの個性がまるで死んでいる。
ペルソナ構成含め戦闘でこちらが有利になれる手段・要素があまりにも多すぎてストーリーの難易度が浅い。DLCを除いても。ハードにしても。
後半のパレスのパズルが雑。無駄。余計。ただただ要らない。
[spoiler]オクムラパレス[/spoiler]のボスがダメ過ぎる。難易度がどうとかじゃなくダメ。
上記が相まって戦闘全般が正直微妙。そこらはP4Gの方が確実に面白い。

でもUIが類稀で唯一無二の神作品なので一生オススメできる。ストーリーも好き。
サントラは買い。派生作品も全部買い。
でもアトラスのサントラ系は特にクソ商法してるので内容をよく見てよく考えて買って。",,,,,,1
137,137,76561198030849671,9303,True,2,"JRPGの一つの到達点
基本的な内容はP3以降のいつものペルソナだけどP4Gと比較して全てが進化していてすごく楽しめました。

☆特に良かった点
・ストーリー、BGMが最高に良かった。演出がとても上手い。
・ペルソナ育成関連の進化
　スキル枠とは別にあるペルソナ毎の特性(物理威力UPやSP消費減等)がビルドの幅を更に広げる。勿論継承も可能。
　今回はステ育成もし易くなっており時間とお金はそこそこかかるが任意のペルソナの全ステカンストも普通に可能。
・UIは賛否あるし洗練されているとは言えないけどとにかくオシャレ。ゲームの雰囲気にあってるし個人的にはかなり好き。

★気になった点
・3学期ルート真エンドはなんか物足りない
・ダンジョン攻略が少し冗長
　初回プレイは楽しいけど周回すると面倒に感じる
・PC版への最適化が微妙
　グラフィック品質はPS3世代の割にエンスー環境でもFPSドロップする場面がある。
　オブジェクトが多いシーンでGPUの消費電力は大した事ないわりに使用率は100%付近でフレームドロップするのでおそらくはCPUを余り上手く使えていない。(DX11の特性的に仕方ないかもしれないが)
　また、LOD設定が存在しないので一部MAPで遠景が簡易表示になるのがたまに気になる。
・11/09現在オプションに不具合がある
　レンダリングスケール100%以上にした場合ぼやける(改善策有り)、影の設定がロードを挟む毎に中になる(改善策無し)",,,,,,1
138,138,76561198863446010,8264,True,0,"Steamにのさぼる怠惰の大罪人
我々は全ての罪をその口から告白させることにした。
その歪んだ欲望を頂戴する。
心の怪盗団　ザ・ファントム

2022年秋、再びこの世界は怪盗団に盗まれる。",,,,,,0
139,139,76561198835022398,10673,True,4,"この世に存在するゲームの中で最も面白いゲーム

飽きないストーリー，感情移入できるキャラクター，臨場感あふれる音楽，どれをとっても最高のゲーム

時間を無限に盗られます",,,,,,1
140,140,76561197984215833,753,True,0,"ペルソナ4の主人公が、友達を作ったり夕陽で親友と殴り合うような正当なジュブナイルなら、学校内でも居場所がないような前科のある主人公というのは新鮮でした。

ダンジョンもペルソナ4では、ギミックが単調でおまけみたいな感さえありコミュニケーションがメインになりがちだったのに対し、最初のダンジョンから飽きさせない工夫が満載で楽しめました。
特にハードの性能が向上した事により、グラフィック面は進化しており四頭身のキャラクターからデザインに近いものになったり、個別の悪魔と戦闘できるようになったのはペルソナ4に逆輸入してほしいと思うほどでした。
そして、真・女神転生からの流れを汲むだけに悪魔との交渉は個人的には買ってよかったと思いました。

久々に楽しめるRPGをプレイ出来るのに感謝したい。",,,,,,0
141,141,76561198365356917,9179,True,0,♪・。・♪,,,,,,0
142,142,76561198441926227,3819,True,6,なぜゲーム中の多くの問題が発生しているのでしょうか。それは資本主義制度の問題であり、それが変わらなければ、P 5 Rのようなゲームをいくつか出しても、何の方法もありません。庶民はやはり日に日に苦しくなるだろう。私の提案はみんなが団結して、アメリカの自由資本主義もアジアの官僚資本主義もいらない、本当のマルクス・レーニン毛沢東主義思想を実現しなければならない、この社会、この世界はゲームの中でこれらの問題が発生することはありません、団結して、私たちは一緒に解決しましょう！！！,,,,,,0
143,143,76561198007670999,10625,True,1,菜々子がいないギャルゲー,,,,,,0
144,144,76561199120163245,4492,True,0,神,,,,,,0
145,145,76561198096599840,550,True,0,本当にいい旅だったわね,,,,,,0
146,146,76561198069604352,1085,True,20,"やっと待ち望んだペルソナ5RがSteamで遊べる
もう、感想はこれだけで十分ですよ!!

そして、来年にはペルソナ3も出るので、これで3-4-5と遊べますよ
",,,,,,0
147,147,76561198017979672,12869,True,1,川上貞代はアトラスの最高傑作だとおもう,,,,,,0
148,148,76561198156962265,14180,True,0,"色々とえぐい表現のある神JRPG

3周クリア済み・全実績解除済みです。

はっきり言って主要メンバーは子供っぽく、荒波に流されて辛い思いをしますが、そこが心を成長させるための演出としてうまくマッチしています。
ジュブナイルものとしても大いに楽しめる作品と言えるでしょう。

ペルソナ4ゴールデンはプレイしたことがありますが、P4Gは仲間たちとの慣れあい、青春の色が強くありました。
しかし、ペルソナ5は明暗がかなり強く、P4Gのような明るい部分もあれば、社会の闇のように暗く泥ついた部分もあります。
それを乗り越えることで自身の成長、ひいては主張を押し通す強さを得る過程を見ることができます。

時間があったら試しにプレイしてみてください。
時間が飛ぶぞ。",,,,,,0
149,149,76561198085934430,11318,True,3,"クリア済み、かつP5無印とP5Sもプレイ済み。

超大作のRPGです。

めちゃくちゃ時間がかかるので、それを許容できる方であれば万人にオススメできる作品です。

恋人を1人だけ選んでプレイしましたが魅力的なキャラクターが多すぎて苦渋の選択でした。

コープランク全員MAXも無印よりかなり簡単になっているので、無印をプレイ済みの人も楽しめると思います。",,,,,,0
150,150,76561198341960574,3170,True,0,"ご存じペルソナシリーズの5作目完全版。
PS版未プレイで、ようやっとSteamに出てくれたんで大喜びで購入しました。

内容は面白い。なのでおススメはする。
奥歯に挟まったような物言いなのは後述する。

ペルソナ３以降の学園生活にフィーチャーした展開や、理不尽に立ち向かう主人公たちの闘いとか、プレイしてると沸々と湧き上がるものが多々ある。
金子画の各種ペルソナも相変わらずいい味出しててシリーズのファンには溜らんでしょう。
今作のOPアニメーションもいいっすね！
個人的には無印4が一番お気に入り。

ゲーム自体は面白いんだけども…。
おま環なのかプレイしてる皆さんにも起きてるのかどうなのか…。
結構よく強制終了して落ちる。

メメントスでは「マップを開く」、「ジョゼに交換してもらおうと一覧開く」と確実に落ちる。
双葉パレスのアヌビスが「天秤を平行にする」と確実に落ちる。
特にアヌビスは１ターンキルなんかできないんで戦闘になったら終了確定なので避けるしかなくて…。
出会うと取っ捕まらんか冷や冷やするもんで結構ストレスに。
おかげでまだ双葉パレスを突破できずにいる。

PCを変えてもダメなので、何か不具合でもあるんだろうか…？
ちなみにファイルの整合性は問題なし。
PCのスペックも２台ともチェックしたけど推奨スペッククリアを確認。
アンインストールして入れなおしても一緒。

ゲーム自体面白いだけにちょいとストレスフルなのが個人的に気になる。",,,,,,0
151,151,76561198244770868,1401,True,0,最高に楽しいです,,,,,,0
152,152,76561198849019011,6979,True,1,お世話になりました！,,,,,,0
153,153,76561198125636032,5886,True,3,"ペルソナ４は人生の教科書
ペルソナ５も人生の教科書",,,,,,0
154,154,76561198204812607,7281,True,6,"世のゲームの評価と面白さが珍しく一致してる定価で買えとおすすめできるレベルのゲーム

良い点
辞め時がわかりません
価格以上のキャラやストーリ等のゲームの面白さ
100時間(無印含めて約500時間以上やってる)以上やってるのに飽きのこない作り込み

悪い点
辞め時がわかりません

て事で総評するとほぼゲームには弱点らしい弱点がないという大変おもしろいゲーム今どき珍しい作品
ザ　スクランブルファントムが先行ででしまいこっちが後にはなりましたけどやっぱりこっちやってからでないと
あれの面白さは伝わらないと思う

ただ究極の時間泥棒なので自分できっちり時間決めてやりましょ
休みにとかいってると余裕で1週間位は潰されまっせ(ちなみにこのレビュー書いてるあたりで3学期1周目終わった時間です110時間位ですかねー)

やりこみの大部分は2周目からなのでここからが面白くなるかな?

理不尽な不評付くならPCによるトラブル部分だけのような気がする
そして一番やってみてもらいたい層が現在の社会人ですねーストーリーでいろいろ考えさせられました特に3学期

て事でゲームとしては強くおすすめ
とさせていただきます　買え

心配があるとしたら　これ以上の作品作れるの?
て心配がてでくる

以上",,,,,,-1
155,155,76561199196893817,1576,True,1,ストーリーはとにかく面白い,,,,,,1
156,156,76561198800928900,9320,True,2,"無印をPS4でクリアし、ロイヤルはsteam版が初見で155時間プレイして、全コープMAX・裏ボスまでクリアした感想です。

良い点
・全体的に無印よりシステムが良くなっており、戦闘面も進化しているので無印をクリアしていてもとても楽しめた
・好感度選択肢追加、人間パラメータ上昇イベが増えたことで1周目の全コープMAXの難易度が下がった
・ストーリーに要所要所でメンバーキャラの心情を主人公に語るシーンが追加されており、わかりやすくなったところが多くなった（おかげで竜二が無印よりだいぶ印象が良くなった）
・ゲーム内トロフィーの『アワード』埋めや、周回で引き継がれるステ上げなどやりこみは十分
・無印の裏ボスと比べてロイヤルで追加された裏ボスの難易度が非常に高く、倒しがいがある
・DLC要素が全て入っているので課金は必要なし

悪い点
・ロイヤルで追加される仲間の加入期間が遅すぎてまともに使えない
・DLCペルソナにゲーム性を崩壊させるほどのバランスブレイカーがおり、初見時にそのペルソナを使ってしまうと面白さが激減してしまうのに規制がかかっておらず最序盤から使えてしまうこと（1周目は使わないことを推奨します）
・ロイヤルで追加された裏ボスが2周目にしか出現しないのだが、そこまでの道のりが長すぎる。ストーリー全スキップ戦闘回避でも30時間近くかかる
・個人的な意見であるが、ロイヤル追加ストーリーがあまり良くなく、無印をクリアした上でストーリーのみを目的でやるのは微妙

個人的には無印と比較して良い部分が格段に増えたので、悪い点はあるにしろ非常に楽しめました。RPGとしての完成度も高く、値段以上のボリュームはあると思います。無印部分のストーリーを知っている方にはオススメしづらいですが、初見の方はとても楽しめると思うので、ペルソナシリーズに触れたことがない方に是非オススメしたいです。",,,,,,-1
157,157,76561198240971104,8032,True,0,so good,,,,,,0
158,158,76561198250186030,17980,True,1,神ゲー,,,,,,0
159,159,76561198363036414,7247,True,5,"初ペルソナ5で前情報なしで開始したけど結構ハマってます！
前作P4はプレイ済み。総攻撃の画面に新たにホールドアップ機能がついてモンスターを捕獲したり（ポ〇モンみたい）金品を巻き上げられるように
前作と比べるとダンジョン部分ががっつり長いです。ゼルダシリーズのような物凄い広さの城を3時間くらい謎解き込みで探索させられて一面でこれかよと思いました
ダンジョン途中の戦闘で全滅すると最後のセーブ部屋に戻って宝箱や捕獲したモンスター情報を失ったので小まめなセーブが大事です（レベルだけは引き継がれるようです）
多分まだまだ序盤ですがボイスイベントも多いし(ストーリーイベント時以外はフルボイスじゃない)手書きアニメもよく差し込まれるし街でのバイトやらバッティングセンターのミニゲーム等かなり作りこまれてる印象で飽きずに楽しめそうです
フィールドは日本の都会が結構リアルに再現されてます

エラー報告もあるので…
9年前に自作した元WIN7の骨董品でグラフィック設定HiGH(HDDにインストール)常時60fpsで今のところ快適に動いてます
HDDなので街移動時に少しロード入ってるかなってところですがストレスは感じないレベルです
【追記】グラボの垂直同期を切ったら120fpsになりヌルヌルに！ダンジョン～人通りの少ない場所は120fps安定で、人通りの多い渋谷駅周辺は70～110fpsとやや不安定ですがより快適になりました
Windows10Pro
CPU i7-4770
RAM 32GB
NVIDIA GeForce GTX 1060 6GB

【追記2】クリアしました！ラスボス討伐で約100時間、ロイヤルの追加要素と思われる後日談と裏ボスクリア後を見終わって120時間…プレイ前の想像を遥かに越える超大作でした…が最後まで飽きずに楽しめました。
難易度はノーマルで特にレベル上げなどせずLv86。自分で捕らえて合体させたペルソナのみ使って攻略しましたが普通にやりごたえのあるバトルで、特に裏ボスは連続で負けてしまいアクセサリーを工夫して付け替えたらやっと勝てました。

BGMも良かったです。前作P4のジュネスや汎用戦闘曲程の個性の突出した印象に残る曲はないものの、その代わり作中で使われる全ての曲に一定の統一感があり、全体として高水準で落ち着いた印象のお洒落な雰囲気のBGMだったという評価です。
あるパレスで聴ける生演奏されてるような演出のピアノがかなり印象に残ってます。

CSゲーをこんなに長時間夢中になってやったのも10年以上振りです。
ダンジョン等ひとつひとつ長いなとはずっと思ってたんですが、キャラが魅力的で物語も気になったので続けられました。
最後に…芳澤さんがとても可愛かった！！",,,,,,1
160,160,76561197997143334,10698,True,0,"ストーリーは個人的にはイマイチでした
戦闘はチートペルソナが序盤から手に入るし中盤から金で解決するので凄く単調でした
個別のコープは面白いのもあったかな
２周目はやる気でないです
料金分のボリュームはあります
",,,,,,1
161,161,76561198437945207,9551,True,1,"文句なしの神ゲー
",,,,,,0
162,162,76561199071196289,9206,True,1,神,,,,,,0
163,163,76561199153962338,5680,True,1,俺の青春はここにあったのか・・・,,,,,,0
164,164,76561198307881577,7636,True,3,"良い悪いで語るならいいゲームだと思いますが
いかんせん長すぎる
周回したくてもその気力を挫く長さです
ボリュームがあるといえば聞こえはいいのですが
その大ボリューム、100時間規模を暦通り半強制的にプレイすることになるのでかなり疲れます
（後半戦はもうダンジョンとストーリーだけやりたい気分になってました）
ペルソナシリーズは４位のボリュームが丁度いいかなと",,,,,,1
165,165,76561199048931222,5797,True,1,"もうペルソナシリーズだけ作ってくれればいいよ
もうちょっと難しい実績あってもよかった",,,,,,0
166,166,76561198326420726,7841,True,1,最高のRPGです,,,,,,0
167,167,76561198087245069,3207,True,1,Best JRPG ever,,,,,,0
168,168,76561198397358772,502,True,1,"学生生活の雰囲気が好き

追記
2周目クリア＆アワード100％にしました。
やはり名作は何度やっても名作。",,,,,,0
169,169,76561198929634088,1733,True,1,神ゲー,,,,,,0
170,170,76561198112710575,4867,True,0,"80時間程度でNormalをクリア。裏ボスとかはクリアできていない
過去作はP4Gのみをプレイ

かなり面白かった

[h2]良い[/h2]
P4Gは元はPS2時代のゲームということもあって特にMAP移動の面でストレスを感じていたが、今作は各所にショートカットがありかなり快適だった
P5Rでは細かい遊びやすさの改善以外にも、ダンジョンが固定マップとなり、いろんなギミックを追加して飽きさせない工夫があって良い
固定マップのダンジョンは攻略が終わると入れなくなるが、代わりにいつでも入れるステージがランダム生成されるダンジョンが存在する
こちらにも、ダンジョンに潜っている間仲間が喋っていたり、収集要素といった工夫もある
全体的にゲームをより良くしようとする点が見られた
個人的に評価したいのがミニゲームで、釣りとバッティングがあるのだが、どちらもほどよく楽しめる

ストーリーに関しては、最初から大体どれが本編のラスボスになるのか予想ができる作りになっているのだが、細かいところに意外性があって面白かった

各所で言われていることだがUIが確かに奇抜で、少し間違えただけで見づらいと叩かれるだろうによくこれを採用したと感心する
P4Gも思ったがペルソナシリーズは音楽やデザインが他の和RPGと比較すると、独特な路線で洗練されているので今後も期待したい

[h2]ダメ[/h2]
ピンポイントなところではあるが、三学期のボスの最後あたりがちょっとクドかった
これが三学期はロイヤルで追加されたコンテンツなので、気合を入れて作っていると思われるので多分仕方ない
これはヒロインに関してもそうで、無印を知らない自分からすると芳澤が優遇されているように見える",,,,,,1
171,171,76561198208256929,1280,True,1,"ゲーム内110時間、steam130時間強で1周クリア、全実績解除。
PS3版で無印のペルソナ5をプレイ済み。

JRPGゲームとしては最高峰クラスの面白さだと思います。
恋愛要素含む高校生活シュミレーションゲームとしても十分楽しめます。
曲もめちゃくちゃに良いです。ゲーム内にサントラ機能もあるので心ゆくまで楽しめます。
無印から様々な点で快適性がアップしているので無印クリア済みでロイヤル未プレイの方にもオススメです。

ただしPC用に最適化はあまりされていない印象です。
自分の使っているCPUはゴミですがそれを差し引いてもカクつきが気になります。
カクつかない人も、自分より高スペックなのにかくついてる人もいるので環境によるのでしょうが……。
先人の残したあらゆる対策を取ればマシにはなりますがところどころありえないレベルでカクつきます。
具体的には[spoiler]11月のダンジョンの最初の大広間、3学期のダンジョンの最初の大広間、それから一番ひどかったのは3学期ラスボスの第1形態[/spoiler]。
特に3点目は周回する気がなくなるほど重くて真面目にCPUの換装を検討しました。",,,,,,0
172,172,76561199198551334,4220,True,0,"クリアまでが長いが、そこまでできれば実績解除は簡単です
2週目しなくても全実績解除できます",,,,,,0
173,173,76561198343780355,969,True,0,"PS4にて発売当時に無印5を2週済み、さすがに5Rはマンネリ感じるかなと思っていたのですが杞憂でした。パレスやボスギミックなどに変化を与えられているので新鮮な気持ちでプレイできます。

RPG慣れしてる方は難易度Hardがおすすめです。Challengeは少し特殊(弱点が敵味方ともに3倍なので弱点をつける雑魚はむしろ倒すのは簡単になるし、ワンパンしがちなので仮面にしにくい)なのであまりおすすめしません。そもそも無印だとChallengeは一度クリアされるまで解放されていませんでした。

俺は最高難易度があったらそれを選ぶんだ！って人は、DLCの段ボールを受け取らず、Hardで遊ぶのが一番楽しいと思います。DLCは受け取った瞬間に10万と各種の貴重なアイテム多数、チートアクセを押し付けられてしまうので段ボールは開けないように気を付けてください。自主的に縛れるプレイヤーなら問題ないですが、特にSP回復系のアクセはせっかく調整されてるSP周りの絶妙なバランスを壊してしまいます。持ってるとピンチ時頼りたくなっちゃうし…

映像はヌルヌル動きます。未プレイの方はもちろん、P5プレイ済みの方も絶対にやったほうがいい。",,,,,,0
174,174,76561198088028928,5926,False,0,"双葉が生理的に無理削除してくれそれかキャラクター別ミュート＋立ち絵非表示を追加してくれキモすぎる。
P5rの追加ストーリーがかなりお粗末な出来だったのでストーリーは見なくてもいいかもしれない。
新規加入キャラクターの怪盗団加入タイミングが遅すぎて何のための新規なんだって感じ明智の扱いがひどすぎるしラスボスでも弱点メタられててあほかと。
戦闘はラスボス以外かなりよいアトラスは２度と悠木碧を作品に出さないでください。",,,,,,1
175,175,76561198796938618,7385,True,0,ペルソナの育成が過去作よりもやりやすくなってる。君も最強のペルソナを作ろう！,,,,,,0
176,176,76561198076730009,5196,True,0,"敵が悪魔の姿で出現し、会話で仲間にできる
それだけでもう言うことはない",,,,,,0
177,177,76561197993959551,3272,True,5,"かなり面白いJRPG。
戦闘もテンポよくダレにくい。
ストーリーもキャラクターも魅力的。

不満を上げるとしたらスキップじゃなくて早送りなのと
起動してからプレイできるようになるまでに時間がかかること。",,,,,,0
178,178,76561198161352900,18566,True,0,"k
",,,,,,0
179,179,76561199273892347,5986,True,3,"名作。

突っ込み所や不満点は色々とあるが、名作。
ちなみに、トロコンした（実はこのゲームのトロコンはそこまで難しくはない。真に難関なのはマイパレスのアワードを全て埋めることである）。
BGM良し、UI良し、fps良し、グラフィック良し、キャラは本当になんとか良し、キャラデザ良し、ストーリーは終盤はともかく序盤は良し、コープ（NPCとの交流）も基本的に良し、バトルシステム良し、ペルソナの入手と育成まぁ良し。
そんなゲームである。
ストーリーに関して言えば、序盤はまだいいのだが、中盤、終盤になるにつれて残念になる。
そして、ロイヤルからの追加要素に関して言えば、もっと掘り下げが欲しかったという感じだ。
現実世界でも存在し明確な解決策などない「社会の闇」という題材がライターの技量に比べてあまりにも大きかったからか、かなり拙さが垣間見えたが、別に社会派の部分が受けた訳ではなく「娯楽」の部分が受けたゲームだろうから、深く考えるのは無駄だと解釈したので気にするのをやめた。
ストーリーは、多分もっと面白くできただろうから、今後出るであろうペルソナ６に期待したい。

さて、これだけは言っておかなければならない事がある。
主観だが特に急いだり、まったりとしたプレイをしていないのだが、一周クリアするのにかかった時間が約１００時間。
軽くネット検索をしてもそれくらいかかるそうだ。
つまり、これからプレイする者は時間に余裕を持った状態でプレイをする事を勧めたい。

もう一つ注意点として、かなり会話パートが多いので（多分、自分のプレイ時間の内半分はあったはず）そういうものが苦手な人は注意して頂きたい。

繰り返しだが、突っ込み所や不満点は色々とあるが、名作。
これからプレイする人は是非、楽しんでほしい！",,,,,,1
180,180,76561198978756590,3387,True,0,面白いけど、ふとした表紙に落ちるからやり直しさせられるのがつらい,,,,,,0
181,181,76561199230526904,6260,True,2,"クセはあれど、ペルソナシリーズらしい構成でした。
",,,,,,0
182,182,76561198865670381,5722,True,5,"高いね。でも買おうね。^^

https://youtu.be/9Weotc1Kf1M?list=PLPMpOwktBrcC82-taw2Xet_dQZJ_0FZcq
サウンドトラックがいいといわれていますが興味のある方はこちらをどうぞ。atlusの公式youtubeチャンネルが出してるp5rのプレイリストです。（※映像は少しネタバレを含んでいるので気になる方はウィンドウの最小化をお勧めします）",,,,,,0
183,183,76561199113925412,1197,True,1,最高のゲームです！！！,,,,,,0
184,184,76561198339905839,836,True,2,"クイーン：向こうの方が戦力うえよ、無理しな、、、
ジョーカー：幾万の真言を信じて

レベルアップ",,,,,,0
185,185,76561198054081087,329,True,0,"ゲーム立ち上げても、ゲーム自体は起動しているのに勝手にゲーム画面が最小化されて何度もやり直さないとゲームできないんだけど何なのこれ？

↑自決しました",,,,,,0
186,186,76561199139940347,1666,True,3,"かみ
",,,,,,0
187,187,76561198004933422,26,False,1,"バグでフルスクリーンにならなくなって直せなくなった。
解像度もバグってゲームデータ消して入れなおしても無駄だった。",,,,,,0
188,188,76561198192790473,313,False,1,"P5Sが好きでR5Rを買ったのですが　ミスった
このゲームのおかげで気づいた　学園ものは嫌いだと",,,,,,0
189,189,76561198032121230,9323,False,5,"4と比べても、シナリオや操作性が格段に悪くなりました。
理不尽な戦闘もあったりし、ただただ長いだけなので途中で面倒になります。

褒めるポイントは音楽と演出くらい。
",,,,,,-1
190,190,76561198321125315,271,True,7,"序盤から高レベルのペルソナが入手できるため、ゲームバランスが少し崩壊。
あとダンジョンのギミックがかなり面倒です。

あと、戦闘以外は３０ｆｐｓなんでしょうか？気になりました。
それと、個人的にいつでも難易度変更可の仕様は大嫌いです。

ＤＬＣ要素(バランス崩壊)がなく、難易度も変更不可なら文句無しでした。

４０００円くらいなら素直にオススメできます。",,,,,,0
191,191,76561198868652317,1784,True,1,面白いです,,,,,,0
192,192,76561197970642912,10854,True,3,"　当たり前に面白いのだが、あえて苦言を言わせてもらうとすると
RPGの部分がオマケになりかけてる、そんな印象だった。
オマケやミニゲームとまでは言わないがＲＰＧの中の日常パートではなくその逆の存在に成り下がっていると感じた。

　コレジャナイ、とは思わないが、コレダ！とも感じなかった。個人的にはＰ３からのカレンダーで強引にスケジュール管理されるやり方の限界にきているような気がする。

ただ、すちーマーは洋ゲーで疲れている人が多いと思うので丁度いい作品だと思う。

",,,,,,0
193,193,76561199247917102,3561,True,1,最高のゲーム,,,,,,0
194,194,76561198320793372,1933,True,0,无敌的宇宙第一电动！,,,,,,0
195,195,76561198259920116,6196,True,0,いいゾ～これ,,,,,,0
196,196,76561198154197839,7975,True,9,"[h1]前評判やメタスコアに違わない良作。ただし気になる箇所も・・・[/h1]
ペルソナシリーズは女神異聞録、2罪罰、P3、P3Pをプレイ済、本作もクリアしたためレビューを投稿します。
以下気になる箇所を挙げるので購入の際の参考になれば。

[h2]良い点[/h2]

[b]・コマンド式とは思えない爽快なバトル[/b]
パッドでプレイしましたが、コマンドの一部が各ボタンにアサインされており直感的にテンポよくバトルを進めることができます。文章で表現しづらいですが、コマンドバトルの一つの到達点のように感じます。

[b]・悪魔会話と合体[/b]
かつてのペルソナシリーズのような悪魔(?)の個性に合わせた会話が、ペルソナ収集とダンジョン探索のテンポにマッチしています。シリーズファンとしては会話が復活したことがとても嬉しい。
また合体も大まかながら継承属性が設定されており、頭を悩ませながらペルソナのビルドを考える楽しみがあります。逆に「ぼくのかんがえたさいきょうペルソナ」を作る際は、時間はかかりますが事故やスキルカードでカスタムしやすくあっという間に時間を吸われます。

[b]・自由度が高い日中の行動[/b]
P3と比較になりますが日中にできることが非常に多いです。特殊な立場の主人公ですが、好きに思い描いた高校生活ロールプレイが楽しめます。

[h2]悪い点[/h2]

[b]・少ないセーブデータ[/b]
後戻り不可能なシステムにもかかわらず16個は少ないです。
もしくはマイパレスでアーカイブできれば良いのに。

[b]・わかりづらいUI[/b]
快適性よりデザイン性を優先したのでしょう。バトルのリザルト表示箇所が毎回違う、メニューの階層毎に選択キーが異なる、等々他作品にはない違和感があります。
また、想定以上に配色で見づらいです。

[b]・プレイヤー層を選ぶシナリオ[/b]
時代が変わったのか、私が歳をとったのか・・・

行動の自由度の高さに対し、怪盗団やストーリーの解釈への自由度が非常に低いです。
また本作はプレイ時間が長くなりがちで、さくさく進めても初回50時間程度は必要かもしれません。そのためシナリオを購入の主目的に置く場合は、この長時間のプレイと価格を許容可能か検討すべきでしょう。

長くなりましたが、本作は間違いなく良作です。ゲームシステムは良く練られていて、ペルソナ育成は潜在復活を彷彿とさせる沼です。
リマスター版ということもあり定価では諸手を挙げておすすめはしにくいですが、時間と価格次第では十分にプレイする価値のある作品だと思います。",,,,,,0
197,197,76561199090271432,8273,True,1,"[h1] やはり神ゲー [/h1]
気が付けば1日が終わってます。
買って損はありません。
新作も頑張ってください。",,,,,,0
198,198,76561198843887519,4374,True,0,"1周目クリアしたので。
無印プレイしてRはプレイしてなかったので、steamにきたから購入。
無印より追加されている要素がわりと多く、無印プレイ済の方でもオススメ出来ます。
戦闘も無料DLCのペルソナを購入すればサクサク進めますし、自分好みの難易度に出来るのが良かったです。
1周目で全コープMAX＆10股出来るので、それも良かったです。",,,,,,0
199,199,76561198056601017,4413,True,0,"初プレイです。
シナリオもキャラもとてもいい。
やってて楽しいので、その辺重視の人にはお勧めです。
敵がクズぞろいなのがちょっと気になるけど、そういうシナリオだから仕方ないね。

難点があるとすれば、長すぎてダレること。
私はクリアまで７０時間以上かかりました。
基本、日常パートや攻略パートを繰り返していくのですが、どっちも長い。
仲間との絆を深める日常パートはそれ自体が面白いのでまだマシですが、所謂ダンジョン攻略パートはもうちょっと短縮されないものかと、ペルソナシリーズやってると毎回思います。
戦闘も普通にやってたら結構な手ごたえあると思います。
まぁ最強の一角？っぽいペルソナが特典でついてたので、ほぼほぼそれ頼りで最後までやっちゃいましたが。

初ペルソナの人にもおすすめ。
もし途中で飽きたとしてもそれなりの時間は遊べるんじゃないかな。",,,,,,0
200,200,76561199075473709,5834,True,7,"PS版でクリア済みです。
アトラスが送るペルソナ5は、RPGだけでなく、全ジャンルを含めて見たとしても近年まれに見るレベルの神ゲーだと思います。
現在開発中であるゲームも音沙汰がありませんし、アトラスがこれからこれ以上のゲームを作ることが出来るとは思いませんが、この作品はやって損はないです。断言できます。",,,,,,0
201,201,76561199089486898,5857,True,0,"igo-rusuiki
omoroi
",,,,,,0
202,202,76561198867494460,5294,True,1,JRPGの最高傑作と言っても過言ではないと思います。,,,,,,0
203,203,76561198308412296,8115,True,0,"1周目ようやくクリアしたけどくそおもろい
DLCペルソナは強すぎるから1周目の最後ぐらいでスキル厳選してステALL99にして2周目から使ったほうがいいです",,,,,,0
204,204,76561198428141074,374,True,0,"[h1]あれ、主人公の名前入力できんのだが！！！とならないために[/h1]

windows11ゲームモード・オン
xboxコントローラー使用
google日本語入力
ペルソナ５ ザ・ロイヤル　ゲーム内コントローラー設定でxinput
の状態で主人公の名前入力できんのだが…になりました

解決方法
google日本語入力をIMEに変更
プロパディからコントローラ選択してsteam入力を有効
（ゲームの再起動を必要とするので先にやって損はない）

ペルソナ５ ザ・ロイヤル　ゲーム内コントローラー設定を自動検出に変更
（この状態でPSコンいわゆる○✕表示の場合、再起動）

で、自分の場合は問題解決

名前入力できんのだが状態のときはゲーム内に直接入力表示されないです

[h1]良いところ[/h1]
まだ序盤ですが世界観を表現するにあたって細かいとこ、びっくりするくらい丁寧に作られてるなーって感じです
崩壊しなかった東京は真・女神転生の裏であり、前作P４の田舎に対しての都会であり
銃と悪魔会話は違和感なく復活させててスゴイニヤリ要素です

[h1]悪いところ[/h1]
DLC全部入りだからこそ、個別のオフ設定欲しかった
コスチュームはいいんだけど、ゲームバランスにかかわる要素とかは無しで楽しみたい",,,,,,-1
205,205,76561199425856647,1147,True,17,"葛葉ライドウのコスDLCが削除されてるのはなんで…？！
PS4版であれ購入して、リマスターをSTEAMでやってる身として
なんでライドウのDLCだけ削除されたのか、★1つ下げるレベルで残念。
本当に残念…。
「全DLC収録！」とか書くの嘘すぎじゃないです…？
ライドウDLC装備すごいよかったのに…。
これから購入する方、全部のDLCは収録されてないのでご注意ください。
(Steam版に限らずリマスター版の「全部入り」は【ただしライドウは除く】なので気をつけて)",,,,,,0
206,206,76561199143199338,5522,True,5,"自室の棚を調べる事でDLCを利用できますが、ゲームバランスが崩壊するので2週目からにした方が良いです。

逆に言うとストーリーだけ見たい方はDLCで手に入るペルソナがあれば超簡単にクリアできます。",,,,,,1
207,207,76561198009395118,825,True,0,"ペルソナ初めての人にむしろ遊んで欲しい。
これはマジで楽しいので是非やって欲しい。
大丈夫、難易度設定も豊富だし初めてでも丁寧なチュートあるしストーリーもクッソ楽しくて辞め時がわからんしマジで楽しいからやって欲しい（2度目）
ペルソナ１と２は難しいので他のシリーズやるなら３と４もお勧めです。
３ももうすぐリマスター版発売だし４は既にSteam版は発売済みだから5クリアしたら是非4も遊んで欲しい。
めっちゃ楽しいから。

あ、余談ですが・・・
グラフィックに回転したり移動したりすると横線が入ってたんですよ。
これ、設定見直しても治らずどうしようかなぁって思ってたんだけども・・・。
グラフィックドライバーをクリーンインストールしなおして直りました。
参考までにRTX2060を使ってます。",,,,,,1
208,208,76561198137564252,4771,True,1,"人気、実績共に申し分ない豪華声優陣の演技によって、より一層物語に引き込まれていった訳だけど・・・
・・・ところどころ言い回しの抑揚、イントネーションが気になった・・・訛ってへん？",,,,,,0
209,209,76561198023785036,3885,True,115,"おじさんも

　　こんな青春

　　　　したかった",,,,,,0
210,210,76561198323460159,1637,False,15,"長い、だるい、ストーリーもクソではないが言うほど良くはない
あまりにも過剰評価",,,,,,1
211,211,76561199154098744,5719,True,3,"手放しでおすすめできる屈指の名作
後悔することはないのでぜひプレイしてこの世界を堪能してほしいと思う",,,,,,0
212,212,76561198119249347,7972,True,21,"とっても楽しかったです。
時間を忘れてゲームしたのは久しぶりでした。

ストーリーが本当によく、キャラそれぞれがとてもよく描かれていました。
セールじゃなくてもお薦め出来る数少ないゲームです。",,,,,,1
213,213,76561198906504568,3570,True,2,gooooooooooooooood,,,,,,0
214,214,76561198868263951,3678,True,0,人生,,,,,,0
215,215,76561198042648449,7964,True,11,"[h1]はじめに[/h1]
本作は2019年に出た完全版のリマスターです

クリア済、全実績解除したので投稿
ゲーム内にはアワードと言う実績の上位版がある
アワードのコンプリートは二週しないと不可能

[h1]GOOD[/h1]
・スタイリッシュ、格好良さを重視した作り
・シナリオは文句無しに面白かった
・難易度は高くない、設定で上げればそれなりに歯ごたえのある戦闘になる
・前作と比べ攻撃の属性が増えたり、祝福や呪怨系でもダメージを出せる様に
・状態異常からテクニカル攻撃が可能になりダウンを取りやすくなった
・経験値稼ぎや金策がかなり楽なので苦労しない

[h1]BAD[/h1]
・見た目に拘った結果、見にくかったり不便さもある
・無印版でしっかり完結しているのでロイヤル版は蛇足感がある
・ネットワーク機能でたまにエラーが起こる
・壊れ性能のDLCペルソナがいるので戦闘も楽しみたいなら序盤は使用を非推奨

[h1]さいごに[/h1]
最初は怪盗？悪魔要素薄れてない？と懐疑的だったが、遊んでみると面白い
ボリュームも凄く途中ダレる訳でも無いし、最後まで楽しめたと思う",,,,,,1
216,216,76561198281909885,3638,True,1,"PS4とPS5を買わなかったので、いずれPCで出ることを信じて待った甲斐がありました。
ゲーム的にはP3やP4より格段に便利に遊びやすくなっており
ヤリコミ度も増してます。
ペルソナ好きは絶対買いです。",,,,,,0
217,217,76561198051577260,6132,True,2,Please give us Persona 5 Dancing in Starlight,,,,,,0
218,218,76561199018344746,107,False,6,"いつになったら自由に動けるんだよｗｗｗ　クソみたいなアニメばっか流れてゲームができねぇよ
アニメのＤＶＤに金払ったわけじゃねーんだぞ　",,,,,,0
219,219,76561198308964304,1392,True,5,ペルソナ4Gの黄色いカラーが好きで、赤と黒がテーマのペルソナ5Rは長い間敬遠してた。失敗した。すぐにプレイすればよかった。ペルソナ4Gからさらに面白い！,,,,,,0
220,220,76561198061907866,1773,False,10,"おすすめする理由は既に多数書かれているので不満点を。

1. ゲーム起動からプレイ開始まで時間がかかる

ロード時間が長いのではなく、起動後に表示されるプレイ前の注意だとか、カッコイイ演出だとかがスキップ出来ないので毎度長時間待たされます。ムービーだったりの演出自体には文句ありませんが、せめて一度見たらスキップ出来るようにして欲しい。ユーザーの快適さよりもそれらを優先する作品はあまり好みません。ゲームシステム上、ロードして行動をやり直したいことが多々あるのですが、ロード出来るタイミングは自由時間のみである上に、前述の通りリセットしてもゲームプレイ再開出来るまでが非常に長いため、快適なゲームプレイは望めません。


2. 一見自由度が高そうなゲームシステムを売りにしているが、行動に制限が非常に多い

放課後や休日をプレイヤーの自由に過ごせるかのような前情報がありますが、実際は強制イベントが差し挟まれることが非常に多く、主人公育成やフラグ立てのための行動計画を立ててもまずその通りにはいきませんのでストレスが溜まります。いつどのタイミングでイベントが起きるのか、攻略情報を見ないと快適にはプレイ出来ません。自分で確かめようとすると、前述の通りゲームプレイ以外に時間を取られることになりますので。


3. 三学期が蛇足、茶番臭が漂う

エピローグはこれまでのプレイの濃さも相まって達成感があり感慨深かったのですが、3学期の敵役とその信念がいかんせん茶番臭くて話に入りきれなかったのが残念です。この作品は2学期までで完成しているように思えました。


絶賛レビューの多さを見て不満点も述べてみようと筆を執った訳ですが、全体としては満足しています。ペルソナシリーズは初プレイでしたが、過去作知識がまったくなくとも違和感なく最後までプレイ出来ましたし、メガテン好きとしては戦闘も合体も楽しめましたし買って後悔はしていません。",,,,,,-1
221,221,76561198119966819,4911,True,6,"時間かかりそうですがなかなかおもしろいです。
あと、無自覚なネタバレレビューが散見されるのがちょっと残念",,,,,,0
222,222,76561198089105278,4690,True,6,"神ゲーです。

無印だけクリアしていました。
steamで発売されることを聞き、楽しみに待ち発売日に買いました。
まったく後悔していません。買ってよかったと心から思います。",,,,,,0
223,223,76561198823965641,1399,True,0,"どうにも自分の PC の構成とは合わなかったようで
カクツキが止まりませんでした
設定の変更や dxvk は試したのですが、直らず。

最終的にこちらの方と同じ方法で直った、と様子を見ている状態です。
https://steamcommunity.com/app/1687950/discussions/0/3470612993469461509/

できれば公式でパッチが当たるといいな、とは思いつつ…

P5, P5R は PS4 でプレイしていて、PC でもできるということでウキウキとしていたところ
寝耳に水、というやつでした。

やっとプレイできるぞ～

P3 が同じような現象にならないといいなあ",,,,,,0
224,224,76561198120831494,3615,True,0,オクムラパレスの決まった場所で毎回クラッシュして進めずに詰んだよ,,,,,,0
225,225,76561198348161047,488,True,1,セールまで待てずに早速購入しちゃった。でも後悔してない、やっぱ面白いわ,,,,,,0
226,226,76561198027292146,8483,True,1,"P4Gに比べたら劣りますがゲームの出来はいいです。テキストが多くてバトルを極力簡易化したことによってアドベンチャーゲームしてるみたいです。
シナリオ・・・今作は意外性がなく素直なストーリー
BGM・・・P4Gが神だっただけに残念
RPG・・・P4Gでもぬるいなっておもったのが更にぬるくなりもはや単純な作業すぎ。敵オブジェクトにぶつかるだけ
ランクあげイベント・・・エロゲやってるみたい。恋愛mode回避しても強制的にそっちへもってくキャラもいて正直うんざり
P4Gより全ての面で劣ってる上に値段がフルプライスなのでP4G未購入ならそっちをオススメします。しかしゲームとしては良いです。",,,,,,-1
227,227,76561198414201680,1648,True,0,"XBOX GAME PASSで軽くプレイしてsteamで購入しました。
ペルソナシリーズはP4Gでハマり、P5R発売を待っていた。序盤からテンション上がる内容で嬉しい。

※一つだけ残念な事
名前入力で、ひらがな打ちするとウィンドウ画面になりゲーム画面フリーズします。
IME設定を切り替えたりしてもダメでした。ただキーボードの打ち込みからEnterで反映はする。

◎ペルソナシリーズはストーリーに入り込んでしまう世界観、デザイン、戦闘ターン制、ミニゲームやイベント
メメントスで探索もあっさりしていて、経験値やペルソナ探しも階層で上手く調整されてる。
パレスは一度クリアすると消滅するのですが、ダンジョンも広く謎解き要素もありで、P4Gのダンジョンがメメントスな感じ、
パレス内は結構作り込まれて凄い面白いです。
メニュー画面はP4Gの方が見やすかったですが、チュートリアル確認もきっちりされているので良かった
ホールドアップしてペルソナと交渉出来る事も面白い、ペルソナの性格があったりで新鮮でした。
DLC付きで高レベルなペルソナがプレゼントされる。私は使用せずに1周目をプレイしております。
何気にATLUSさんのキャサリン大好きなので嬉しい特典！
戦闘はノーマルでプレイしておりますが、クリアに困る程では無い難度です。謎解きもヒントがあるのでプレイしやすいかと

P4Gに比べるとイベント縛り、セリフが結構多くてセーブ出来ない事がある。P4Gはもっと探索がしやすかった感じがします。
協力者のイベントも結構シビアかな～？こまめにセーブ！

画質も思ったより綺麗で嬉しい、1080pだけども十分です。fpsはモニターが75Hzな安い物なので120fpsは試す事が出来なかったけども面白いので問題なーい！CPU&GPUの使用率もかなり低い、温度も安定しております。
ゲームに好みはあるのですが結構どの世代にも分かりやすい内容なのでお薦め出来ます。

◆スペック
OS windows10
CPU:インテルCORE i7-12700
GPU:NVIDIA RTX-3060
メモリ 16GB
M.2 SSD
電源750w

",,,,,,0
228,228,76561198044895062,5153,True,60,怪盗団に時間を盗まれました。,,,,,,0
229,229,76561198956293233,2797,True,0,"ps4無印以来のプレイ、システム面の改善や細かいところでのシナリオ追加、行けるマップ追加などがよかった。
dlc全部入ってるのもよかった。",,,,,,1
230,230,76561198075341112,662,True,0,"クラッシュしまくる。
ダンジョン内で前触れなく落ちるため、まともに遊べない。

追記
オフラインかつ管理者権限で実行して以来、２０時間あまり強制終了は発生していない。
改善の原因は不明ながら、ゲーム自体は面白いためおすすめに変更。",,,,,,0
231,231,76561198053810321,499,True,19,"ゲーム開始序盤にクラッシュの連発で苦労したものです。CPUはRyzen5、GPUは3060ti、メモリ16GBと十分推奨要件を満たしたPCです。FPSをそんなに必要としないゲームなので、どうせなら4Kでやってみようとメインモニタでやろうにもゲーム開始直後から画面のクラッシュに泣かされました。設定を色々変えてみてもダメ。諦めてサブモニタのFull HDのモニタでもやはりクラッシュ。どうしたものかと思い途方に暮れていましたが、原因はPCの仮想メモリを無効にしていたことでした。ボトルネックになると思い無効にしていました。メモリが16GBもあれば必要ないと思っていたのですが、これを推奨サイズの2倍に設定したところ、4Kモニタでもクラッシュすることなくプレイできるようになりました。もし同じ症状で悩んでいる方がいらっしゃったら、物理メモリだけでなく仮想メモリの設定を見直してみるのも良いかもしれません。
追記
仮想メモリの設定後、数時間遊んでみましたが4K60FPSでプレイできています。GPUのファンも全くうるさくなく、これならドラクエ11Sの方が重いゲームだと思います。
ちなみに、仮想メモリはM.2 SSDに割り振っていますが、どうしてもクラッシュする方は仮想メモリを設定してみてください。",,,,,,0
232,232,76561199230395184,1206,True,0,"6/22に入ったら謎のクラッシュが起きてゲームが落ちました
他の人も書いていますが、いたる所でゲームが落ちているようです
ただの移植なのでデバックが甘かったのか修正させるまではこまめにセーブをお勧めします",,,,,,0
233,233,76561199058918686,1054,True,0,おもしろい,,,,,,0
234,234,76561199088541523,440,True,6,"7時間ほどプレイしているのですが、セーブやロードを試みると３回に１回ほどの頻度で強制終了してしまいます。配信日だとそういう現象が起きやすいのか、或いはこのゲーム自体の問題なのかはよくわかりません。幸いそれ以外の問題は見当たらないですし、内容自体は文句なしの面白さなので、頻繁なセーブと共に楽しみたいところです。
10/30 追記　
-dx11 -FULLSCREEN の起動オプションを設定することで、ついに安定した動作に戻りました！　３０回ほどセーブ＆ロードを繰り返したのですが、一度もクラッシュすることがありませんでした。たったこれだけの違いでかなり悩まされてしまったのがお恥ずかしいです。安心して続きを遊ぼうと思います！",,,,,,0
235,235,76561199348673013,2818,True,0,"120fps
キーマウの操作性
DLC込み

ただでさえ面白いゲームがより楽しくなって最高です。",,,,,,0
236,236,76561198126553012,466,True,0,"플스판으로 이미 엔딩까지 봤지만 그래도 재밌다. 
스토리, 분량, 게임성, 캐릭터 전부 다 잡은 작품
근데 아무리 전 DLC 포함이라고 해도 리마스터판 풀프라이스는 뇌절아니냐",,,,,,0
237,237,76561199030356841,4273,True,1,悩んでレビューを見たなら絶対に買ったほうがいいです。僕のプレイ時間を見てもらえばわかると思いますが、楽しい過ぎて時間が秒で経ちます。暇だなーと思っている人、ゲームを買って失敗したくない人におすすめします。,,,,,,0
238,238,76561198862746460,4085,True,139,洗濯掃除ができて膝枕して甘やかしてくれる担任の女教師、川上貞代をどうかよろしくお願い致します！！！！！！！！！！！！！！！何卒！！！！！！！！！！！！！！！！,,,,,,0
239,239,76561199081964969,1162,True,2,"PCでやれることが素晴らしい
ロード時間が地味に長いという欠点も解消されていいね
ただ元が30FPS前提の画作りがされているせいかFPS60にすると酔う可能性があるのでカメラ速度と手ぶれカメラとFPSは必要に応じて切り替えてね 
DLCほぼ全入りでなぜかライドウコスのDLCがない
DLCペルソナ使用は気軽にバランス崩壊するからせめてレベルが追い付いてからの使用をお勧めする",,,,,,0
240,240,76561198818932113,5130,True,1,買え！！！！！！！！！！！！！！！！！！！！！！！！！！！！！！！！！！！！！！！！！！！！！！！！,,,,,,0
241,241,76561198090032806,1718,True,1,めっちゃ楽しい,,,,,,0
242,242,76561199104515123,2150,True,1,"ずーっと待ってました！
PS4版のP5Rをプレイ済みですが何度プレイしても楽しい作品です。
今のところP4Gみたいに、ゲームが落ちることなく楽しく遊ばせてもらっております。
※P4Gが落ちるのは、自分のPCスペックが問題かもしれませんが。。。",,,,,,0
243,243,76561198295707842,2572,True,2,"普通にやって50時間ぐらいかかるボリュームのあるゲーム、都会で学校生活を送りながら裏では怪盗として世直しをしていくストーリー。

戦闘システムは王道的なコマンド戦闘システムでオシャレなUIと親切な設計で遊びやすい。主人公は様々な攻撃技や補助技を覚えることが出来るので、数ある選択肢からそれらを組み替えたりする作業も好きな人は好きかも知れない。

このゲームの一番の魅力はストーリーや仲間とのコミュニケーションだと思う、これらを進めるとプレイヤーが有利になるので積極的にやることになるけど単純にこれらを追っているだけでも面白い。

ただ全てを完璧にこなそうとすると結構シビアなスケジュール管理が必要になる。一つでも飛ばしてしまったり忘れてしまうと取り返しが難しくなるので何か忘れると急に萎えてしまう可能性もあるのでセーブは分けてやった方がいい。",,,,,,-1
244,244,76561199066921260,3527,True,2,"PS4版を326時間プレイしたレビューです。
steam版はまだ途中ですが、こんな素晴らしいゲームをいち早く皆さんに遊んでいただきたい一心で書かせていただきます。

ストーリーの作りこみ、戦闘BGM、UIのおしゃれな雰囲気にどんどん魅了されていくと思います。
戦闘も　これでもか！　って言うくらいわかりやすいためすぐに覚えられる。
シリーズによる関連はほぼ無いに等しいので、前作をプレイしないと楽しめないってことが無い。
前作やれば少し嬉しくなる要素がある程度の影響なので、RPG初心者さんにもおすすめできます。

良い点をあげきるとおそらくとんでもない長文になると思います。
全てが最高レベルのRPGと私個人では断言しています。
ペルソナ5ザ・ロイヤルを基準にしてしまうとほとんどのRPGが出来なくなる。

そんな良い点しかないペルソナ5ザ・ロイヤルに悪い点があります。

悪い点：クリアするとペルソナ5ロスになることです。
本気でクリアした後の寂しさは凄まじいものでした。
こんな経験は今までで初めての体験でした。
いつの間にか私自身も怪盗団に心を奪われていたのかもしれません。

TAKE YOUR HEART",,,,,,0
245,245,76561198031059782,60,False,6,"ゲームは1時間ぐらいやった感じだと問答無用で面白いですね
でもメガテン3やP5Sのリリースのチグハグサをみるに今のアトラスに将来があるのかを疑問に思っています
このゲームが好評だったとしても食いつぶせる過去の遺産はまた減ってしまったわけで
この先どうなるのでしょう
このゲームに関して言えばダウンロードコンテンツのすべてがいらないから古いゲームな分安い妥当な値段でリリースしろというのが一番の文句になります
そんなやり方で稼いだ小銭はメーカーの将来への不審にしかならないのであまり上手いやり方ではないように思います

追記：
その後DLCにいるメサイヤのアグネヤストラですべてを焼き払えることに気が付きました
P4 steamとかで初めてプレイする層結構いるの把握してそうなもんだけ値段維持したいがためになんでこんなバカなバランスのものだした
使わなきゃいいだけでしょ？といいたいのならDLC抱き合わせのもん強制すんなよ
廉価なバニラ版と分けてリリースすりゃいいだけだろ",,,,,,0
246,246,76561198200205174,3566,True,4,"[h1]青春を彩る、全てが完璧なRPG[/h1]
ペルソナシリーズナンバリングの5作目。PS4版のリメイクであり、今回PC、Switch、XBOXに移植された。当方はペルソナ2～4クリア済み、女神転生シリーズ他多数クリア済み。ペルソナ5だけハードの都合でプレイできなかったので今回のリマスターが初見となる。当レビュー記述時点でゲーム中盤程度にあたる(ゲーム内で10月上旬までプレイ)。

本作を一言でいうなら[b][u]「完成度がおかしい」[/u][/b]に尽きる。今までのペルソナの良い所を汲み取りながら、悪かった点を徹底的に直したうえで新しい要素を追加し、より面白いものを作ったというような作品だ。正直今まで遊んできたどのRPGよりも面白いと言えてしまうようなクオリティを誇っている。順に確認していこう。

まず、本作は前作からの不満点であった[u][b]ダンジョンがむちゃくちゃ面白くなっている。[/b][/u]前作「ペルソナ4ゴールデン」や前々作「ペルソナ3」はダンジョンが自動生成で単調な作りになっており、なんかパッとしなかった。とにかく単調なダンジョンを進み続けるだけであり、戦闘部分は面白いものの「ダンジョンは微妙だよなぁ…」と思うほどにRPGとしての重要ポイントが不出来だった。しかし、[u]本作はそうした自動生成ダンジョンの要素をサブクエ用ダンジョン「メメントス」に残しつつ、ストーリーの根幹部分ではギミック多数の面白ダンジョン「パレス」を攻略するようになっている。[/u]パレス内ではギミックを含んだパズルだけではなく、適宜ボタンを押してワイヤーアクションやジャンプをして進んでいく。こうしたちょっとしたアクションがいいアクセントになっていて、ただ歩いている感じがしない。しかも、シンボルエンカウントで敵の背後を取るときにカバーアクションができ、探索中にステルスアクションを楽しむことができるのだ。[u][b]ステルスをし、敵をRPGの戦闘システム(それもワンモアプレス)で鮮やかに倒しながら進んでいく爽快感たるや、他のゲームでは真似できないだろう。[/b][/u]肝心のパズル要素もほどほどの難易度に落ち着いているために、本当に隙のないダンジョン攻略の楽しさをプレイヤーに提供している。

次に戦闘システムだ。[u]これも思いっきりブラッシュアップがされており、めちゃくちゃ面白い。[/u]基本的には弱点を突いて敵をダウン状態にし、全員ダウンさせて強力な「総攻撃」を繰り出すというペルソナ3からの「ワンモアプレス」という戦闘システムが採用されているのだが、[u]これに「バトンタッチ」が追加されたことが肝である。[/u]バトンタッチとは、弱点を取ると取った人がもう一度行動できるようになるのだが、その行動を仲間に渡すことができるというものだ。これを使うことで、違う敵が出てきてもバトンタッチすれば他の人でダウンさせることができる。結果ターンを無駄にすることなく敵全員をダウン状態にしやすくなり、「弱点を取った後に誰に切り替えるか」という点から戦略の幅がかなり広がった。これがかなりプレスターンの本質に近くなっており、非常に面白い。正直プレスターンのバフデバフとロマン砲発射ができる「次に回す」ほどの完成度があるわけではないと思うが、従来のペルソナシリーズに比べれば圧倒的に戦略性が高く楽しめるようになっている。これに慣れたら他のRPG厳しいだろうな…と思うぐらいの戦闘システムだと思う。

さて、ここまで変化の点に触れてきたが、[u][b]本作は今まであった「あと一日」のカレンダーシステムの魅力が一切失われていない点も重要である。[/b][/u]本作はカレンダーに沿ってストーリーが進行していくが、その中で「放課後」と「夜」に好きな行動をとることができる。この際に、人間ステータスと呼ばれるステ上げを行ったり、仲間や町の人たちと交流して「コープ」を上げたりとやることが盛りだくさんとなっている。これらのやることを「今日はこれをやろう」「明日はこれをやろう」…とあれこれ考えていると、[u]現実世界の時間がどんどんと減っていくのだ。[/u]これを私は[u][b]「あと一日」システムと呼んでおり、Civilizationシリーズの「あと1ターン」に似たような中毒性を生んでいると思っている。[/b][/u]この「あと一日」の魔力には、実はコープそのものの面白さがある。コープでは仲間や町の人と交流していくのだが、交流していく中でのストーリーがかなり凝っていて面白い。しかも10段階あってぶつ切りになるので、続きが気になる。だからこそ「次はこの人の話を進めよう」と躍起になって続きを進めてしまうのだ。さらに、本作からはどのコープを進めてもRPG要素に恩恵がかかる「コープアビリティ」が追加されており、実際にゲームを進める上での有効性もしっかり見られるようになった。ペルソナ3以降のシリーズが持っている「あと一日、あと一日」とずるずる進めて行ってしまう魅力が、本作にもしっかり受け継がれており、さらに面白くなって帰ってきているのだから、[b]面白くならないわけがないだろう。[/b]ズルい。

さらに、メガテンファンの目線から見ると、[b][u]本作は「原点回帰」に非常に意識が向いている作品ではないか、と思う。[/u][/b]本作はペルソナ3以降で廃止された敵の悪魔表示が復活している。元々ペルソナ3以降の作品は「人の抑圧された側面」と戦っているので、悪魔ではないという認識のもと「シャドウ」というオリジナルキャラクターとのバトルになっていた。しかし、本作からは悪魔イラストが再度使われるようになった。本作をプレイして、悪魔イラストの敵と対峙できるというのはこんなにもありがたいことなのか、とちょっと感動してしまった。また、[u]女神転生シリーズ恒例の「悪魔会話」が本作で復活していることにも注目すべきだろう。[/u]悪魔会話は従来のメガテンシリーズ、ペルソナ初期シリーズと比べると圧倒的に簡易的なものになっているが、悪魔と会話してカツアゲしたり仲魔になれと要求したりすることに、どこか懐かしさを覚えた。ペルソナ3以降のユーザーからすると「ちょっとめんどくさい」と思うかもしれないが、会話で死と隣り合わせの緊張感のある瞬間を乗り越え続けたメガテンユーザーからすれば感動モノだろう。そのほかにも、真・女神転生で使われていた「吉祥寺」のBGMがリメイクされて収録されていたり、本作の作品のコンセプトが体制批判と反逆としてLNCの概念に近いものになっていたりと挙げればキリがないが、[b][u]私は本作の様々な部分にメガテンシリーズ、ペルソナシリーズの神髄を感じることができた。[/u][/b]メガテンユーザーにも遊んでほしい、モダンなメガテンシリーズの一つとしておススメできる作品だと思う。

次にコンセプトやストーリーについて。まだ中盤なのであまり言及できないが、本作はとにかく[u][b]「カッコよさ」[/b][/u]という点に注力していると思う。本作はUIが人が動いたりフォントが独特だったりととにかく斬新でおしゃれなのだが、そこには「カッコいい」と思わせるような魅力がある。総攻撃で敵を倒すと超かっこいい演出が出てきて楽しめるし、UIもジョーカーが動き回ってアピールしてきて良い。ストーリーの方でも、反逆者として権力の悪意に踏み込んでいくというサクセスストーリーのような展開は燃えるし、ペルソナの覚醒シーンもカッコよさを重視していてとてもいい。怪盗団の「カッコよさ」には美学が必要だと作中のキャラが語るときがあるが、そういった美学が作品の随所にちりばめられていてとてもいい。[spoiler]ちなみに余談だが、悪意のある権力に抵抗するという意味では、ペルソナ2罰はかなり近い作風になっている。もっともその裏にいる巨悪の存在がペルソナ2罪から示されているうえ、2罰は大人たちのシックな物語なので違う部分があるといえばそうなのだが…。[/spoiler] ともかく、こうしたカッコよさへの追求がプレイヤーに没入感を与えているという上でも、本作は高く評価されているのだろう。

最後に安定性について。一応当方の環境下(i7-6700、GTX1060)でも高画質の120fpsでプレイできるようにはなっている(おそらくプレイ中は80～90fpsほど？)が、[u]時々不安定になることがあるので適宜再起動はしている。[/u]「真・女神転生Ⅲ Nocturne HD Remaster」のプレイ時にも若干挙動不審になったことがあったが即セーブして再起動したら直ったので、そこまで問題にはならないと思う。ペルソナ4Gほど至れり尽くせりで調整できるわけでもないが、真3ほど不安定かと言われるとそうでもないので、[u]極端なゲームの進行不可能状態になるとは考えにくい。[/u]もっともあくまでおま環の世界になるので、スペックなど必要情報は参照されたし。

色々お話してきたが、まとめると[u][b]「マジで超面白いから迷う暇があるならやってくれ」[/b][/u]だと思う。完成度がおかしいし、のめり込む勢いも凄いし。私はペルソナ4をプレイして苦手だったRPGを克服したので、RPGが苦手だなと思う人も是非本作を遊んで、ペルソナの面白さを体験してみて欲しい。そして是非ここから女神転生シリーズの扉を開け、過去作や外伝作品などペルソナ以外の作品も遊んでみて欲しい。アバタールチューナーで待ってます。",,,,,,1
247,247,76561198987115148,9,True,1,3年待った,,,,,,0
248,248,76561198127946895,426,True,0,曲が良い,,,,,,0
249,249,76561198252244148,1847,True,0,Perfect,,,,,,0
250,250,76561198275650031,59,False,8,"言いたいこと全部書いてたら
ただの愚痴になるので一言だけ

P4Gのほうが圧倒的に面白い",,,,,,0
251,251,76561199170554021,317,True,1,好きな作品だったからうれしい,,,,,,0
252,252,76561199002133966,1140,True,3,ps4に比べてめちゃくちゃ綺麗になった！,,,,,,0
253,253,76561199000912354,1277,True,0,,,,,,,0
254,254,76561198888024466,262,True,1,モルガナがとてもかわいいゲームです。,,,,,,0
255,255,76561198107733430,1892,True,2,ボリュームが多すぎて30時間プレイしてもまだ序盤という、、、素晴らしいゲームだと思います,,,,,,0
256,256,76561198055376504,161,True,1,気になってるなら買おう！,,,,,,0
257,257,76561198195141119,1696,True,2,スタイリッシュでカッコいいジュブナイル活劇に、太ももがむちむちな女の子とその他色々が追加されたバージョンです,,,,,,0
258,258,76561198043690374,3863,True,35,"買い切り版ってことで、すべてのDLCがパッケージに含まれているわけだけども、DLC付属の高レベルペルソナがゲーム開始後すぐに召喚可能となっているのでダンジョン攻略に於ける戦闘部分に歯ごたえがない。
ペルソナ５Rを余すこと無く楽しみたい人は一周目に関して、DLCペルソナは放置がおすすめです。",,,,,,0
259,259,76561199182640705,621,True,6,CS版で500時間は遊びました、初めて心の底から好きになったゲームです。,,,,,,0
260,260,76561198107525199,2679,True,6,据え置きからSteamをメインで遊ぶようになってもう何年も経つのに、未だにボタンの確定とキャンセルが逆なのを慣れなくて、設定で変えられるのは嬉しい、この設定があるゲームは他にもあるだが、ゲーム内でボタン表示をPSコントローラーに固定できるのは初めて見た、これ本当にありがたい、Xboxコントローラーも使ってるし、Switchもやってるし、永遠にABXYの配置を覚えられないから,,,,,,0
261,261,76561199231902139,27,False,13,神ゲームと噂を聞いて購入したが、内容が稚拙でプレイするに堪えない。子供あるいは精神年齢が低い人向けゲームです。レビューを見て購入を検討している方は気を付けてください。,,,,,,0
262,262,76561199122222386,787,True,2,面白い,,,,,,0
263,263,76561198386742384,1876,True,22,"無印からバトル＆パレスのギミック・コープの選択肢・クイズでのパラメータ育成などの要素が増えて、より楽しく遊びやすくなりました。4年程前に無印プレイ済みですが、上記のようなちょっとした変更点が所々あるため楽しめています。

個人的な不満としては、非アクティブ状態だとゲーム動作が停止するところ。
会話パートが膨大なので、2画面で調べものでもしながらオートで読み進められたらいいな～と思ってます。",,,,,,0
264,264,76561199153908514,1387,True,132,"ペルソナシリーズ初プレイです。
良い点
ゲームが面白すぎてやめるタイミングが分からない。

悪い点
ゲームが面白すぎてやめるタイミングが分からない。",,,,,,0
265,265,76561199355685173,210,False,2,"やっとダウンロードが終わったと思って立ち上げようとしたら真っ暗な画面で固まり、解決策が分からない。すごく期待していたので残念でならない。
",,,,,,0
266,266,76561198161107581,844,True,2,"ゲーム内容はいわずもがな　
ぬるぬるにて　さらに気色わるくなて　GOOD　え？ｗ

https://youtu.be/dNg5Krm6kjM

PS4版 (Proにて) は最大30fpsです　

PC版 は 60fps にて　ぬるぬる　さらに気色わるくなりました
↑私的には　ようござんした　最高じゃね～か
30fps → 60fps は　あるいみ別物でした

グラフィックス設定　

1920x1080 
影 → 中設定　
他 最高設定

上記設定にて　常時60fpsです　

※影 最高設定　にすると激重になります　場面により20fps以下になります

ASUS ゲーミングノートPC　にてプレイ　
Ryzen5 4600H　
8GB → 32GB　32GB (DDR4 3200) 16GBx2　
GeForce GTX1650 GDDR6 4GB 
〇 (ドライバver 516.934)＋　
Radeon Graphics 512MB (CPU内蔵Graphics)　
NVMe SSD 512GB + SATA3.0 SSD 2TB　
約8.5万円 激安ゲーミングノートPC",,,,,,0
267,267,76561198059214322,719,True,16,"※PS4無印版プレイ済
無印版と比較してパレス内部の構造が大幅に変化しており『まるで別ゲー』でした。
ボスの行動やセリフなども手が加えられているようで２周目とは思えない新鮮な気持ちでプレイしています。
気になった所として最適化がなされておらず、人混みの多いセンター街や地下通路では大幅にFPSが低下しチャタリングが発生しています。",,,,,,0
268,268,76561198157677414,142,True,1,nice,,,,,,0
269,269,76561198003478236,44,False,10,"ゲームは文句なく面白いですが、PC版は現時点できちんとした最適化が行われておらず、快適にゲームができません。

以下の環境で「メニューを開く」「戦闘中のコマンド選択」など特定の操作をした際にBGMがブツ切りになる不具合が発生しました。推奨スペックは満たしています。
CPU：AMD Ryzen 9 3900XT
GPU：GeForce RTX 3080
RAM：32GB
グラフィック設定：4Kフルスクリーン 画質HIGH

画質をLOWに落とすと何故か解消するものの、スペックに問題がないにも関わらず画質を落とすことに納得できず試行錯誤したところ、以下の方法で改善したため共有します。

1.グラフィック設定のレンダリングスケールを100％→50％に変更し設定保存。
2.その後再度レンダリングスケールを50％→100％に戻して保存。

以上、同様の不具合が発生した方の参考になれば幸いです。",,,,,,0
270,270,76561198394098785,1827,True,6,"本当にATLUSさんありがとう。
いつかPC版が出るのを信じて、その時のために我慢してPS4版は無印を何周もしていたのが報われました。
また睡眠時間を削って世直しをする日々が始まります。",,,,,,0
271,271,76561198253570204,593,True,6,"内容はいわずもがな
しかし最適化が間に合っていない？
渋谷センター街ではFPSが10～16程度しかでません
CPU i7-8700
RAM 16GB
GPU GTX1080 8GB
SSD 500GB",,,,,,0
272,272,76561199135078664,371,True,9,"随分前にPS4版でかなりやりこみましたが、記憶も薄れてきているので改めてやってみたのですが、やはり面白いです。
DLCを使う使わないは個人の判断でいいんじゃないかと思いますが、この値段設定の理由を""DLC全部込みだから""とされたは困ります。まぁアトラスの次回作のための資金にしてくれる事を願うばかりです。

ゲーム開始当初は度々画面がクラッシュする現象があったのですが、
起動オプションで""-dx11 -FULLSCREEN""を指定してやると120fpsで安定動作しています。
元々3Dモデリング自体はそれほどでもないので、グラボを画質最優先設定にしてもヌルヌル動いています。

cpu:	Ryzen 5 5600X 3.70 GHz
gpu: RTX3070 16G
 2560x1440",,,,,,0
273,273,76561198220980468,284,True,1,"家庭用ゲーム版と比較してやはり画質やフレームレートの設定が出来る分より綺麗な画像で楽しめる。
ただ残念なのは、ほぼPS4のペルソナ5ロイヤルのDLコンテンツを収録してるのに、何故にライドウシリーズの制服だけが入って無いのか？てっきりライドウのBGMも聴ける物のばかり思っていただけに唯一残念です。
この際課金コンテンツでも良いから追加リリースして欲しいです！",,,,,,0
274,274,76561198152871047,663,True,38,"フレームレートが出ない人、安定しない人は参考までに下記の内容をためしてください。
1.https://github.com/doitsujin/dxvk/releases/tag/v1.10.3
2.dxvk-1.10.3.tar.gzをダウンロード
3.WinRAR で解凍（7zipでは解凍しても中のファイルが見えない）
4.d3d11.dllとdgxi.dllをp5Rフォルダへ保存
私もRTX2080tiで20fps程度でしたが、4K60fps出るようになりました。
＊自己責任でお願いします",,,,,,0
275,275,76561198058261271,983,False,16,"まともにプレイできないのでお勧めしません。

基本的にアニメーションシーンとメニューを開いたとき以外はFPSが10程度になりカクカクです。
GPU使用率も100％を維持し続けます。
最適化が一部グラフィックボードに対応していないのかもしれません。
フルプライスである以上、システム要件満たしているのに動きません、では話になりません。

お金をドブに捨てないよう、ご注意ください。
以下は私のＰＣスペックです。どれだけ異常な現象かご理解いただけると思います。

OS  　　Windows 10 Home
CPU 　　Intel(R) Core(TM) i9-10900K CPU @ 3.70GHz   3.70 GHz
メモリ	64.0 GB
グラボ　NVIDIA GeForce RTX 3090(ドライバver 522.25)
",,,,,,0
276,276,76561198016160177,163,True,7,"無印、PS4版P5Rで計5週遊びました。
今回のsteam版で6周目ですが、まだ飽きません。
これからも1年に1度はプレイしていくと思います。
人生でベスト3に入るゲームです。",,,,,,0
277,277,76561199135206904,30,True,10,"はあああああああああああああヌルヌル動く・・
そりゃグラフィックがすごいゲームじゃないけど
ビジュアルが綺麗だ

感激、また感激、更に感激

無印は経験済みだけど買うのは正解だった

10/22
ちょっと進んだ時点の追記
他の人が言ってる通り購入特典が強い気がします
ちょっと手助けどころではない
プレイした人がすでに多いことの想定しての特典なのでしょうか・・
購入特典をインベントリーに持ち込まないだけの話だし
私は別に気にしませんが気になる人には気になるんじゃないかなと思いました",,,,,,0
278,278,76561198068467799,179,False,3,"P４Gでもあったが音声がこもりすぎて糞過ぎる、糞録音なんとかしてくれ！steam版じゃないだろこれ
多分MODが先に対応してくれそうだけどｗ

まぁみんな知ってると思うけど面白いのは間違いない

",,,,,,0
279,279,76561198015847381,33,True,1,"Do you recommend a game?
Of course YES, this is a Persona.

Morgana 10/10

Thanks ATLUS

P.S. Best girl Hifumi ;)",,,,,,0
280,280,76561198064495584,285,True,18,"[h1]PC GAME PASSでプレイしたらエラー連発でまともに遊べなかったので仕方なくSteam版を購入しました[/h1]

PC GAME PASSに加入していてP5Rは発売日から無料で遊べるので、今回は買わなくても遊べると思っていたらカモシダパレスでエラー連発しまともに先に進めなくなり、Steam版でも同じ所でエラー出たら返金申請するつもりでSteam版を購入したんですがこちらは何の問題もなくカモシダパレスをクリア出来ました。(結局120分以上プレイしたので購入)

Core i7 12700F Geforce RTX 3080 Ti 32GBメモリー Gen4SSDの環境でほぼ4K 120Hz出ていてヌルヌルなので満足です。
それでいてGPU使用率は70％超えていません。CPU使用率は10％程度
あとはいろんなMODが出てきてくれる事を期待してます。

同じPCでプレイするのにWindows版とSteam版で差があるとは思いませんでした。
結局またアトラスにお布施してしまった（無印版含め３回目の購入）",,,,,,0
281,281,76561198042082571,786,True,1,"初見で楽しみたいたい人は　お金でペルソナ召喚できるところにDLCは初回０円で出てくるけど召喚しない方がおもしろいと思います
２回目以降お金かかるので",,,,,,0
282,282,76561198229712848,257,True,1,初プレイだけど最高に楽しい,,,,,,0
283,283,76561198366215780,298,True,27,Take your time,,,,,,0
284,284,76561199121464183,14,True,6,"⣿⣿⣿⣿⣿⣿⣿⣿⣿⣿⣿⣿⣿⣿⣿⣿⣿⣿⣿⣿⣿⣿⣿⣿⣿⣿⣿⣿⣿⣿⠏⣿⣿⣿⣿⣿⣿⢿⣿⣿
⣿⣿⣿⣿⣿⣿⣿⡿⣿⣿⣿⣿⣿⣿⣻⣿⣿⣿⣿⣿⣿⣿⣿⣿⣿⣿⣿⣿⣿⣿⢀⠹⣿⣿⣿⣿⡠⢸⣿⣿
⣿⣿⣿⣿⣿⣿⣿⢏⠛⠊⡩⠛⡆⠐⢚⠲⣼⣿⢿⣼⣿⣿⣿⣿⣿⣿⠃⣝⣿⣿⣧⢣⢿⣿⣿⡇⢕⣿⣿⣿
⣿⣿⣿⣿⣿⣫⠛⠉⡀⢰⡀⠄⢇⡄⡄⠈⣸⡀⠳⣌⢿⣿⣿⣿⣿⣿⣧⢂⣞⣿⣿⣆⡄⠙⣿⡇⢨⢿⣿⣿
⣿⢻⣿⣿⠁⡅⡀⡀⡀⠇⠇⡀⠠⡀⢄⣠⠁⣌⠠⡍⣱⡻⢛⣼⣿⣿⣿⣎⡢⠳⣿⣿⢡⡀⣻⣿⢸⣾⣿⣿
⣿⣿⣝⠻⠈⠄⡀⡀⡀⠁⣀⡀⠃⢀⠄⠒⡄⠳⢄⠁⡏⠻⠈⣪⣿⣿⣿⣿⣆⡁⠲⢿⢈⠐⡏⠃⠄⣻⠏⢻
⣿⣿⠻⠼⢀⢀⠐⠐⠌⡀⡎⠓⠿⣦⣀⠄⠸⠁⠁⡇⢍⢂⣗⣿⣧⠈⠛⡩⣻⡄⡄⠳⢶⢣⠸⡅⢀⢠⣾⣿
⣿⣷⣏⠆⡀⡉⠁⠠⠁⡄⠹⣶⠰⠢⡈⢷⡀⠊⠐⡁⡀⡸⡀⣿⣿⣿⣿⣜⠄⠳⠨⠄⠩⡰⠔⠐⢰⣿⣿⣿
⣿⣿⣽⡀⡀⡀⣤⣾⢀⣧⢳⡹⣧⠉⠛⡀⢿⠘⠁⣎⣒⡀⢇⣽⣿⣿⣿⢤⡃⡀⢢⡱⡌⠍⡢⣠⣿⣿⣿⣿
⣿⣞⠄⠪⠆⢇⠸⣼⢹⡀⣿⣿⣮⣿⠷⠿⠴⠿⡀⣦⢈⡀⢤⣿⣿⣿⡟⠁⠠⢸⡊⠁⠘⢎⣾⣿⣿⣿⣿⣿
⣿⣿⣿⣷⣰⢍⠁⢈⢹⣿⣿⣿⡿⣿⣿⣿⣟⡿⣳⠴⣛⢆⢹⣿⣿⣿⠘⡃⠎⡋⡂⢄⢫⣿⣿⣿⣿⣿⣿⣿
⣿⣿⣿⡿⢃⡁⢀⠸⣦⣿⣿⣿⣿⣦⣛⣟⢿⣷⣿⣫⣾⣾⣵⣟⣿⢟⣬⡸⡚⣒⡉⣠⣿⣿⣿⣿⣿⣿⣿⣿
⣿⡿⠛⠛⡀⢸⡀⣤⡻⣿⢿⣿⣿⣿⣿⣭⣿⣿⣿⣿⠃⣉⠓⢤⣙⠓⢐⣃⢊⣂⣉⡘⣝⣿⣿⣿⣿⣿⣿⣿
⠧⠂⡀⠈⡀⠈⠸⡀⢿⠋⢿⣮⡻⣿⣿⣿⢯⣿⡿⠍⢠⣐⠒⠁⡀⢎⡀⠮⣑⠢⠒⠶⣋⢡⣿⣿⣿⣿⣿⣿
⡐⠁⠐⠄⡀⢀⡔⡈⢨⠐⠡⢿⣿⡉⠈⠁⢀⣥⡰⡔⢀⡀⣰⡁⡂⢃⡫⡀⡀⡀⠠⡀⢀⡀⡀⠉⢛⣿⣿⣿
⣄⠂⠂⠠⡀⡆⡌⠈⢸⠄⡱⡀⠄⢀⠁⠂⢀⢡⢀⢐⡀⠨⠈⠰⢐⡞⡀⡀⠠⠁⡀⡀⡀⡀⡀⡀⢸⣿⣿⣿
⠟⡀⠈⠈⠢⡈⣆⠂⡬⣃⢖⡀⢀⡀⠄⡀⠅⠃⡇⠐⠐⡀⡡⡂⣸⣰⣦⡀⡀⡀⠐⠄⡀⡀⡀⡀⡀⢿⣿⣿
⡋⡀⡀⡀⡀⠈⡈⡐⠩⣈⠘⠈⠴⠐⠂⠨⣸⡼⢠⠨⡇⢔⢐⡱⢋⣿⣇⡷⡀⠐⡀⡀⠈⠂⠄⡀⢰⣟⢭⢿
⡀⡀⣀⣘⣀⣁⠣⡀⠑⢠⠠⠥⠞⣥⣉⡼⡀⢕⠪⡆⠁⣁⢋⡎⠘⢻⡃⣆⡀⡄⠢⡀⡀⡀⡀⢀⠐⣛⣥⢿
⡀⡀⠈⠦⠭⡀⠁⡀⡀⢣⠁⡔⠑⠘⣝⢔⢚⢣⠇⣌⢣⡚⢸⡇⠐⡀⡀⣈⡀⠈⣎⠌⢆⡀⢀⠉⡀⢺⡞⢻
⡀⠠⡀⡀⡀⢄⡀⡀⡀⠂⠰⠏⡀⡀⡀⡀⢅⡀⠤⠇⡀⡀⢳⠃⡂⡆⠣⢑⠬⡐⠐⠂⠄⠂⡀⠈⠠⡀⡀⣿
⡀⡀⡀⡀⢄⡀⠑⡐⡀⠬⣡⠡⡀⡀⡀⡀⡀⠄⡉⢉⣁⡀⠂⡂⠇⢸⡀⡀⠙⢦⣙⠲⠥⠄⡀⡀⡀⠠⢀⢳
⡐⡀⡀⡀⡀⡀⢠⡀⢈⠞⡟⡀⡀⠈⡀⡠⠄⠂⠈⡀⡀⡀⡮⠄⢣⡀⠈⠠⡀⡀⡀⠈⠉⠉⠉⢈⠁⢠⣴⣿
⡀⡀⡀⡀⠢⡀⡂⠐⠹⠄⡀⡀⡀⢀⠁⠂⡀⠉⡀⡀⡀⢠⢳⠂⢨⢀⠈⡀⡀⡀⡀⡀⡀⡀⠠⡀⡀⣿⣿⣿
⡀⡀⡀⡀⠂⡀⡀⠴⠄⠃⢄⡀⠁⢧⡱⡀⡀⡀⠄⡀⠜⡀⡀⠄⢰⠈⠘⡀⢃⠸⠒⣀⡀⡀⡀⡀⣾⣿⣿⣿
⡀⡀⡀⡀⡀⠃⠌⠐⠐⡀⡀⠒⡀⡀⠛⣽⢦⣈⢤⠋⠰⢰⠐⢡⡀⠠⢰⢣⠩⡀⢧⡀⠉⡀⡀⡀⠘⣿⣿⣿
⠈⠁⠈⡀⠂⠐⡀⡀⡀⡀⡀⠁⡀⠢⡙⢦⢤⣀⡀⡀⡀⡀⠌⢜⡀⣷⠂⢤⡈⡄⢀⢮⢄⡀⡀⡀⡀⣏⣿⣿
⡀⢀⠁⠐⡀⡘⡀⠁⡀⡀⡀⡀⡀⡀⡀⠑⡙⠁⠁⠐⡀⠂⡔⢩⢂⢻⡂⣿⣮⠹⣌⠰⠸⡆⢀⡀⣿⣿⣿⣿
⠌⠠⢂⡀⡀⡀⡀⠄⠈⠂⠄⡀⠄⢀⡀⡀⡀⠑⢅⠃⠞⡔⠊⡘⠙⡀⣇⣿⣿⣿⣶⣿⣖⡈⣷⣠⣿⣿⣿⣿
⠄⡀⠡⡀⠂⡀⠂⢀⠡⡠⠁⢀⡄⡀⡀⡀⡀⡀⣡⢋⠎⡀⠔⢀⠆⡄⠸⣿⣿⣿⣿⣿⣿⣿⣿⣿⣿⣿⣿⣿
⠂⡀⠁⡀⡀⢸⡆⡀⡀⡀⠔⡀⡀⡀⡀⡀⠨⠈⠐⠐⡀⠐⠰⡀⢀⣿⡀⠘⣿⣿⣿⣿⣿⣿⣿⣿⣿⣿⣿⣿
⡘⡭⠇⡀⡜⠘⡣⢌⠾⠁⠁⡀⡀⠠⢀⡀⠑⡀⡀⡀⡀⡀⡀⡀⢨⣘⣾⡀⢻⣿⣿⣿⣿⣿⣿⣿⣿⣿⣿⣿
⣿⡉⡈⡀⣒⡢⠁⡀⡀⡀⡀⡀⡀⠐⡀⢀⠠⠔⢄⠉⠊⣅⢣⡀⠁⡀⣿⡀⢶⣿⣿⣿⣿⣿⣿⣿⣿⣿⣿⣿
⣿⣿⣍⣋⢀⣴⣀⠄⡀⡀⡀⡀⡀⡀⡀⡔⡄⡀⠈⡀⠁⠤⡀⡊⠌⡀⠸⡇⠈⡿⣿⣿⣿⣿⣿⣿⣿⣿⣿⣿",,,,,,0
285,285,76561199406268768,387,True,6,"最初PSコントローラーが効かなかったがペルソナ５ザ・ロイヤルのプロパティ＞コントローラーからデフォルト設定を使用する＞steam入力を有効にする、に変更したら大丈夫でした。
ボタンのxboxコンとpsコンの表示切替や〇×ボタンの入れ替えなどの設定もちゃんとconfigにあって操作に不自由はしないと思います。
",,,,,,0
286,286,76561198035147781,325,True,1,オサレの氾濫だ！！（反乱だけに）,,,,,,0
287,287,76561198981118738,293,True,1,かっこいい。何もかもがかっこいい。,,,,,,0
288,288,76561198009600389,242,True,5,"番長「後輩君頑張ってるね。じゃあ俺はそろそろ休もうかな
え・・・？まだダメ・・・？」",,,,,,0
289,289,76561199361516291,244,True,0,"全体的に文句のつけようがないほどの完成度を誇り、
何度でもプレイしたくなります！
是非怪盗団ライフを気になっている方は楽しんでほしい！
",,,,,,0
290,290,76561198384046397,148,True,4,ずっと待ってました,,,,,,0
291,291,76561198074152155,181,False,9,"購入特典みたいなのが強すぎて、無理やりチートコード使っているような気がする。
使わなければいいだけの話しなんだけど、いやでも目に入る。

全然ほしくないに、欲と戦うような気分になり結構げんなりする。
そういう気遣いは欲しかったかも。

そう意味で低評価はさせてもらいますが、ゲームとしてはもちろん面白いです。",,,,,,0
292,292,76561198024540397,21,True,3,"松来未裕さん、田中一成さん、
今は亡きお二人が出演されている
この作品が2022年現在でも
愛され、楽しまれていることが
大変嬉しいです。

P３からP５へ、
洗練されたデザイン、音楽、ストーリー
最高のJRPGの１つペルソナ5。

「ジュブナイル」と「ピカレスクロマン」
をテーマに若者たちが活躍する。
P3では銃のトリガー、P4ではメガネ、
そしてP5では仮面によって
主人公たちはもう1人の自分へと
変身する。

主人公たちのキャラクターが非常に
個性的で光っている。楽しい掛け合い、
サブキャラクターたちも様々。
演出も完成されており
「総攻撃」は本当にかっこいい。

ストーリーは通常版でもかなり長いが、
ロイアルになりさらに長くなる。
ここはダレるところもあります。

しかし、ゲームの中で何を優先するのか、
多くの選択肢があり、楽しみがあり、
好きなキャラクターも出来るでしょう。

来年のP3、P4のリメイクも期待です。",,,,,,1
293,293,76561198057617105,178,True,4,"日本のゲームで唯一定価で買って損をしないペルソナシリーズ。
STEAMではペルソナ5よりも、なぜかストライカーズが先に販売されてしまったが、いずれペルソナ5が販売されるかもと積みゲーにしていた甲斐があった。
もうほんとめっちゃ待った甲斐があった。
いきなりイゴールの声にびびってしまったが、それ以上にびびってしまう展開に期待しておススメにしておく。
会話はいつもの紙芝居風だが、主人公たちの3Dもゴリゴリ動くし、最高！",,,,,,0
294,294,76561198115612042,310,False,57,"数年前に出たゲームをフルプライスで出すとはいい度胸じゃねーかと思いながら購入しました
序盤は相変わらず自由行動が出来ず開始後数時間はヤンキーと猫の言いなりです

ゲーム本編は既プレイのため神ゲーなことは知っていますが、PC版は現在いくつかの問題があります
まずPS4コントローラーが反応しないため箱コンが必要であること

使用しているIMEによっては名前などの入力の際にエラーが起こる可能性があること(自分はMicrosoftIMEで問題なく文字入力できました)

もう一つは最適化が一切行われていないため、主人公の家近辺や学校でのイベント、セントラル街などMOBが大量にいるマップに行くとグラボの使用率が一瞬で100%になります　ゲーム内のグラフィック設定を下げる、立ち上げているソフトを減らす等しても無意味でした

参考までにスペックを記載しておくと
CPU　Ryzen5950X
GPU　RTX3080
RAM　32GB
ストレージはGen4SSDです
ゲーム自体は進行出来ますが、配信や録画は出来ないものと考えた方がいいかもしれません

上記の問題さえ解決されれば万人が楽しめるゲームかと思います
流石に値段が値段なので早めに対応してほしいところです

注意喚起のために低評価にしておきますが改善されたら高評価に戻します",,,,,,0
295,295,76561198944788665,474,True,29,"DualShock4で遊ぶ予定の方はコントローラーが反応せず困惑すると思います。
自分は以下のやり方で解決しました。
①Steamクライアント右上からBig Pictureを起動
②右上の歯車 > コントローラ設定 > PlayStation設定サポートにチェック
③Big Pictureからゲーム起動
同じ境遇でゲームプレイを諦める方が出ないことを祈ってます。",,,,,,0
296,296,76561198050757937,176,True,0,最高じゃねーかっ！,,,,,,0
297,297,76561198844756725,91,True,1,^^,,,,,,0
298,298,76561198121691594,120,True,4,アルセーヌ君を万能型か特化型に育成するゲームです。,,,,,,0
299,299,76561198967531441,244,True,2,saiko,,,,,,0
300,300,76561198018625414,246,True,32,"[h1]初心者からベテランまで幅広い人にオススメ出来るRPG[/h1]
日本語対応、ボイスあり

P3Fesはクリア済みP4Gは途中まで手を付けて積んでいる
古いメガテンは大体クリア勢

ちょっと遊ぶつもりが4時間プレイしてた、ご飯食べてない
展開が早くサクサクとプレイしていて小気味よく
RPG特有の「煩わしいな」と思う繰り返し作業がストレス少な目でいい
ミニMAPやカメラ回しの仕様等も非常に使いやすい
システムもキチンと説明してもらえるので
初心者でも大丈夫
そしてグラフィックが滅茶苦茶に綺麗
Steamにきてくれてありがとう！

スタイリッシュに拒否反応出してる古いファンも触ってみると
普通に楽しいと思います

[code]
Steamキュレーターで紹介しました
[URL=https://store.steampowered.com/curator/41056472/]「3D酔いでもゲームがしたい」[/URL]　[URL=https://twitter.com/_Rlyeh]Twitter[/URL]
毎日更新してます！
[/code]",,,,,,0
301,301,76561198355998549,90,True,11,みんなおっぱいでかいからすき,,,,,,0
302,302,76561198154247152,32,True,4,TAKE YOUR HEART,,,,,,0
303,303,76561197989744223,128,True,1,"- why only 120 frames.
- i had finished this one at PS4 version.",,,,,,0
304,304,76561199121195020,36,True,2,双子(推定12歳)は合法です,,,,,,0
305,305,76561199196498899,242,True,4,初っ端からおもろい,,,,,,0
306,306,76561198028692041,120,True,14,"一つだけ言わせてもらえば、海外でもこれを日本語で遊べる、それだけで感激感涙感謝だな
クソPS版は日本語音声DLCだけで英語字幕オンリーだったからな・・そっちは買っておいてほとんどさわってないから、これは楽しみだわ
値段は、まあどうしようもないが・・DLC全部入りだから目をつぶってポチった、後悔はしない",,,,,,0
307,307,76561198421021294,55,True,84,"Google日本語入力などを使用していて日本語キーボード入力ができない方は、IMEをMicrosoft IMEに変えてみてください。
私はこの方法で解決しました。",,,,,,0
308,308,76561198276449555,91,True,15,"ぬるぬるになったP5R！
こっちでもやりこみます！！！！！",,,,,,0
309,309,76561199043509214,60,True,78,"無印、PS4版P5R　既プレイ
2K120FPSでプレイ。予想以上にグラフィック向上しててびっくり
やったことある人も、特に「やったことない人」！！！！！！！！！！！！！に絶対やってほしい作品です。",,,,,,0
